"Name","State","Notes","User","Tags","Created","Runtime","Sweep","batch_size","bilstm_dropout_p","bilstm_hidden_size","bilstm_num_layers","classification","data_transformer.data_transformer_by","data_transformer.data_transformer_method","dataset_name","dataset_path","device","dl_dataset","dl_dataset_path","imu_features","imu_filter","imu_sensors","individual_plot","l2_weight_decay","l2_weight_decay_status","learning_rate","load_model","lopo_subjects","loss","loss_weight","method","metric.goal","metric.name","model_name","n_epoch","name","nfold","opensim_filter","optimizer_name","output_size1","overlap","parameters.batch_size.distribution","parameters.batch_sizes","parameters.l2_weight_decay.distribution","parameters.l2_weight_decays","parameters.learning_rate.distribution","parameters.learning_rates","parameters.n_epoch.distribution","parameters.n_epochs","parameters.tsai_d_ff.distribution","parameters.tsai_d_ffs","parameters.tsai_d_model.distribution","parameters.tsai_d_models","parameters.tsai_fc_dropout_p.distribution","parameters.tsai_fc_dropout_ps","parameters.tsai_n_heads.distribution","parameters.tsai_n_headss","parameters.tsai_n_layers.distribution","parameters.tsai_n_layerss","parameters.tsai_res_dropout_p.distribution","parameters.tsai_res_dropout_ps","program","resample","results_path","save_model","segmentation_method","selected_activity_label","selected_data_status","selected_data_types","selected_imu_features","selected_opensim_labels","selected_opensim_labels2","selected_sensors","selected_trial_type","sensor_name","sensor_names","target_padding_length","test_activity","test_activity_speed","test_activity_speed2","test_subjects","train_activity","train_activity_speed","train_activity_speed2","train_subjects","trainable_layers","training_style","tsai_d_ff","tsai_d_model","tsai_fc_dropout_p","tsai_n_heads","tsai_n_layers","tsai_res_dropout_p","tuning","y_scaling","fold","fold_RMSE_arm_add_r","fold_RMSE_arm_flex_r","fold_RMSE_arm_rot_r","fold_RMSE_elbow_flex_r","fold_RMSE_mean","fold_RMSE_pro_sup_r","fold_RMSE_wrist_dev_r","fold_RMSE_wrist_flex_r","lopo_RMSE_mean_arm_add_r","lopo_RMSE_mean_arm_flex_r","lopo_RMSE_mean_arm_rot_r","lopo_RMSE_mean_elbow_flex_r","lopo_RMSE_mean_pro_sup_r","lopo_RMSE_mean_wrist_dev_r","lopo_RMSE_mean_wrist_flex_r","lopo_RMSE_overall_mean","lopo_RMSE_overall_std","lopo_RMSE_std_arm_add_r","lopo_RMSE_std_arm_flex_r","lopo_RMSE_std_arm_rot_r","lopo_RMSE_std_elbow_flex_r","lopo_RMSE_std_pro_sup_r","lopo_RMSE_std_wrist_dev_r","lopo_RMSE_std_wrist_flex_r"
"transformertsai_14.04","finished","-","","","2026-04-14T18:33:02.000Z","6096","2ew5qkhp","8","0.5","64","3","false","by_var","StandardScaler","All_subjects_data.h5","/home/benedikt_nothhelfer/data_share/ULTra-MoCap/ULTra-MoCap-processed/","cuda","ultramocap_dataset.p","/home/benedikt_nothhelfer/data_share/ULTra-MoCap/","[""ACCX"",""ACCY"",""ACCZ"",""GYROX"",""GYROY"",""GYROZ""]","true","[""1"",""2"",""3"",""4"",""5"",""6""]","false","0.0001","true","0.00001","false","[""subject_1"",""subject_2"",""subject_3"",""subject_4"",""subject_5"",""subject_6"",""subject_7"",""subject_8"",""subject_9"",""subject_10"",""subject_11"",""subject_12"",""subject_13""]","MSE","[1,1,1,1,1,1,1]","","","","bilstm","70","","5","true","Adam","1600","0.5","","","","","","","","","","","","","","","","","","","","","","false","/home/benedikt_nothhelfer/ba_upki_benedikt/projects/UpKi_BioMat_Ultra/results","false","fixedwindow","[""all""]","[""imu""]","[""baseline""]","[""ACCX"",""ACCY"",""ACCZ"",""GYROX"",""GYROY"",""GYROZ""]","[""arm_flex_r"",""arm_add_r"",""arm_rot_r"",""elbow_flex_r"",""pro_sup_r"",""wrist_flex_r"",""wrist_dev_r""]","[""arm_flex_r"",""arm_add_r"",""arm_rot_r"",""elbow_flex_r"",""pro_sup_r"",""wrist_flex_r"",""wrist_dev_r"",""arm_flex_l"",""arm_add_l"",""arm_rot_l"",""elbow_flex_l"",""pro_sup_l"",""wrist_flex_l"",""wrist_dev_l""]","[""1"",""2"",""3"",""4"",""5"",""6""]","[""AS"",""CB"",""EF"",""ER"",""OR""]","[""hand(1)"",""wrist(2)"",""Forearm(3)"",""Biceps(4)"",""Triceps(5)"",""Deltoid(6)""]","[""hand(1)"",""wrist(2)"",""Forearm(3)"",""Biceps(4)"",""Triceps(5)"",""Deltoid(6)""]","256","[""AS"",""CB"",""EF"",""ER"",""OR""]","[""F"",""N"",""S"",""VF"",""90"",""180"",""M""]","[""N"",""90"",""180"",""M""]","[""subject_13""]","[""AS"",""CB"",""EF"",""ER"",""OR""]","[""F"",""N"",""S"",""VF"",""90"",""180"",""M""]","[""N"",""90"",""180"",""M""]","[""subject_1"",""subject_2"",""subject_3"",""subject_4"",""subject_5"",""subject_6"",""subject_7"",""subject_8"",""subject_9"",""subject_10"",""subject_11"",""subject_12""]","[""fc1"",""fc2_1"",""fc2_2"",""fc2_3""]","lopo","256","128","0.3","8","3","0.1","false","false","8","8.888046795501683","14.2594400039957","31.80915834024678","12.684015220162497","14.029991448813917","9.565671442718196","11.98635457250742","9.017253766565124","","","","","","","","","","","","","","","",""
"transformertsai_14.04","finished","-","","","2026-04-14T15:26:54.000Z","11162","2ew5qkhp","8","0.5","64","3","false","by_var","StandardScaler","All_subjects_data.h5","/home/benedikt_nothhelfer/data_share/ULTra-MoCap/ULTra-MoCap-processed/","cuda","ultramocap_dataset.p","/home/benedikt_nothhelfer/data_share/ULTra-MoCap/","[""ACCX"",""ACCY"",""ACCZ"",""GYROX"",""GYROY"",""GYROZ""]","true","[""1"",""2"",""3"",""4"",""5"",""6""]","false","0.01","true","0.0001","false","[""subject_1"",""subject_2"",""subject_3"",""subject_4"",""subject_5"",""subject_6"",""subject_7"",""subject_8"",""subject_9"",""subject_10"",""subject_11"",""subject_12"",""subject_13""]","MSE","[1,1,1,1,1,1,1]","","","","bilstm","100","","5","true","Adam","1600","0.5","","","","","","","","","","","","","","","","","","","","","","false","/home/benedikt_nothhelfer/ba_upki_benedikt/projects/UpKi_BioMat_Ultra/results","false","fixedwindow","[""all""]","[""imu""]","[""baseline""]","[""ACCX"",""ACCY"",""ACCZ"",""GYROX"",""GYROY"",""GYROZ""]","[""arm_flex_r"",""arm_add_r"",""arm_rot_r"",""elbow_flex_r"",""pro_sup_r"",""wrist_flex_r"",""wrist_dev_r""]","[""arm_flex_r"",""arm_add_r"",""arm_rot_r"",""elbow_flex_r"",""pro_sup_r"",""wrist_flex_r"",""wrist_dev_r"",""arm_flex_l"",""arm_add_l"",""arm_rot_l"",""elbow_flex_l"",""pro_sup_l"",""wrist_flex_l"",""wrist_dev_l""]","[""1"",""2"",""3"",""4"",""5"",""6""]","[""AS"",""CB"",""EF"",""ER"",""OR""]","[""hand(1)"",""wrist(2)"",""Forearm(3)"",""Biceps(4)"",""Triceps(5)"",""Deltoid(6)""]","[""hand(1)"",""wrist(2)"",""Forearm(3)"",""Biceps(4)"",""Triceps(5)"",""Deltoid(6)""]","256","[""AS"",""CB"",""EF"",""ER"",""OR""]","[""F"",""N"",""S"",""VF"",""90"",""180"",""M""]","[""N"",""90"",""180"",""M""]","[""subject_13""]","[""AS"",""CB"",""EF"",""ER"",""OR""]","[""F"",""N"",""S"",""VF"",""90"",""180"",""M""]","[""N"",""90"",""180"",""M""]","[""subject_1"",""subject_2"",""subject_3"",""subject_4"",""subject_5"",""subject_6"",""subject_7"",""subject_8"",""subject_9"",""subject_10"",""subject_11"",""subject_12""]","[""fc1"",""fc2_1"",""fc2_2"",""fc2_3""]","lopo","128","64","0.5","8","3","0.3","false","false","13","10.1280411153416","27.014396518139513","30.099554846806512","15.204565404995892","16.886951553664318","16.485598153878616","10.19735470718648","9.07915012930162","12.075568845650462","21.669403242500103","25.49091781341271","15.606490705585848","18.197751468982403","9.421983391112551","13.097935743720113","16.508578744423453","2.9324871886896475","3.4593988460947487","5.389355830058001","6.99748426280322","4.391601892803251","6.122083917940114","2.913053433270114","4.510529078539723"
"transformertsai_14.04","finished","-","","","2026-04-14T14:25:37.000Z","3672","2ew5qkhp","16","0.5","64","3","false","by_var","StandardScaler","All_subjects_data.h5","/home/benedikt_nothhelfer/data_share/ULTra-MoCap/ULTra-MoCap-processed/","cuda","ultramocap_dataset.p","/home/benedikt_nothhelfer/data_share/ULTra-MoCap/","[""ACCX"",""ACCY"",""ACCZ"",""GYROX"",""GYROY"",""GYROZ""]","true","[""1"",""2"",""3"",""4"",""5"",""6""]","false","0.0001","true","0.00001","false","[""subject_1"",""subject_2"",""subject_3"",""subject_4"",""subject_5"",""subject_6"",""subject_7"",""subject_8"",""subject_9"",""subject_10"",""subject_11"",""subject_12"",""subject_13""]","MSE","[1,1,1,1,1,1,1]","","","","bilstm","100","","5","true","Adam","1600","0.5","","","","","","","","","","","","","","","","","","","","","","false","/home/benedikt_nothhelfer/ba_upki_benedikt/projects/UpKi_BioMat_Ultra/results","false","fixedwindow","[""all""]","[""imu""]","[""baseline""]","[""ACCX"",""ACCY"",""ACCZ"",""GYROX"",""GYROY"",""GYROZ""]","[""arm_flex_r"",""arm_add_r"",""arm_rot_r"",""elbow_flex_r"",""pro_sup_r"",""wrist_flex_r"",""wrist_dev_r""]","[""arm_flex_r"",""arm_add_r"",""arm_rot_r"",""elbow_flex_r"",""pro_sup_r"",""wrist_flex_r"",""wrist_dev_r"",""arm_flex_l"",""arm_add_l"",""arm_rot_l"",""elbow_flex_l"",""pro_sup_l"",""wrist_flex_l"",""wrist_dev_l""]","[""1"",""2"",""3"",""4"",""5"",""6""]","[""AS"",""CB"",""EF"",""ER"",""OR""]","[""hand(1)"",""wrist(2)"",""Forearm(3)"",""Biceps(4)"",""Triceps(5)"",""Deltoid(6)""]","[""hand(1)"",""wrist(2)"",""Forearm(3)"",""Biceps(4)"",""Triceps(5)"",""Deltoid(6)""]","256","[""AS"",""CB"",""EF"",""ER"",""OR""]","[""F"",""N"",""S"",""VF"",""90"",""180"",""M""]","[""N"",""90"",""180"",""M""]","[""subject_13""]","[""AS"",""CB"",""EF"",""ER"",""OR""]","[""F"",""N"",""S"",""VF"",""90"",""180"",""M""]","[""N"",""90"",""180"",""M""]","[""subject_1"",""subject_2"",""subject_3"",""subject_4"",""subject_5"",""subject_6"",""subject_7"",""subject_8"",""subject_9"",""subject_10"",""subject_11"",""subject_12""]","[""fc1"",""fc2_1"",""fc2_2"",""fc2_3""]","lopo","256","64","0.3","8","2","0.1","false","false","13","10.596860192904556","27.225685110688584","32.15269507222175","15.823207043327432","18.661751897256128","21.02018874713952","8.759448277468964","15.054178837042103","11.261979043969149","21.139182281993445","25.813825912441228","15.909198669136108","17.162391236312775","8.93549628852302","13.995982097071725","16.31686507563535","2.235091231754147","2.649997323679377","6.1828817882726","7.29475829020327","3.8597128487834618","4.217385793289402","2.3919018095030693","3.3059377689096836"
"transformertsai_14.04","finished","-","","","2026-04-14T13:19:34.000Z","3959","2ew5qkhp","16","0.5","64","3","false","by_var","StandardScaler","All_subjects_data.h5","/home/benedikt_nothhelfer/data_share/ULTra-MoCap/ULTra-MoCap-processed/","cuda","ultramocap_dataset.p","/home/benedikt_nothhelfer/data_share/ULTra-MoCap/","[""ACCX"",""ACCY"",""ACCZ"",""GYROX"",""GYROY"",""GYROZ""]","true","[""1"",""2"",""3"",""4"",""5"",""6""]","false","0.001","true","0.0001","false","[""subject_1"",""subject_2"",""subject_3"",""subject_4"",""subject_5"",""subject_6"",""subject_7"",""subject_8"",""subject_9"",""subject_10"",""subject_11"",""subject_12"",""subject_13""]","MSE","[1,1,1,1,1,1,1]","","","","bilstm","70","","5","true","Adam","1600","0.5","","","","","","","","","","","","","","","","","","","","","","false","/home/benedikt_nothhelfer/ba_upki_benedikt/projects/UpKi_BioMat_Ultra/results","false","fixedwindow","[""all""]","[""imu""]","[""baseline""]","[""ACCX"",""ACCY"",""ACCZ"",""GYROX"",""GYROY"",""GYROZ""]","[""arm_flex_r"",""arm_add_r"",""arm_rot_r"",""elbow_flex_r"",""pro_sup_r"",""wrist_flex_r"",""wrist_dev_r""]","[""arm_flex_r"",""arm_add_r"",""arm_rot_r"",""elbow_flex_r"",""pro_sup_r"",""wrist_flex_r"",""wrist_dev_r"",""arm_flex_l"",""arm_add_l"",""arm_rot_l"",""elbow_flex_l"",""pro_sup_l"",""wrist_flex_l"",""wrist_dev_l""]","[""1"",""2"",""3"",""4"",""5"",""6""]","[""AS"",""CB"",""EF"",""ER"",""OR""]","[""hand(1)"",""wrist(2)"",""Forearm(3)"",""Biceps(4)"",""Triceps(5)"",""Deltoid(6)""]","[""hand(1)"",""wrist(2)"",""Forearm(3)"",""Biceps(4)"",""Triceps(5)"",""Deltoid(6)""]","256","[""AS"",""CB"",""EF"",""ER"",""OR""]","[""F"",""N"",""S"",""VF"",""90"",""180"",""M""]","[""N"",""90"",""180"",""M""]","[""subject_13""]","[""AS"",""CB"",""EF"",""ER"",""OR""]","[""F"",""N"",""S"",""VF"",""90"",""180"",""M""]","[""N"",""90"",""180"",""M""]","[""subject_1"",""subject_2"",""subject_3"",""subject_4"",""subject_5"",""subject_6"",""subject_7"",""subject_8"",""subject_9"",""subject_10"",""subject_11"",""subject_12""]","[""fc1"",""fc2_1"",""fc2_2"",""fc2_3""]","lopo","256","128","0.3","4","2","0.5","false","false","13","10.687409191149532","22.606447550406","29.8988621043522","12.957568061643276","16.656460394752447","21.5154154509862","9.444253175111726","9.485267229618188","12.096756729292476","22.268325455134597","26.278596357947265","16.25036032377162","20.74924176834245","8.976845065941383","13.373989104919623","17.1420164007642","2.8732129165899547","3.199328576761592","5.08197865973112","6.572512490382482","4.949652670368685","6.469132391154537","2.36772412046411","3.9287839008588903"
"transformertsai_14.04","finished","-","","","2026-04-14T12:41:40.000Z","2271","2ew5qkhp","16","0.5","64","3","false","by_var","StandardScaler","All_subjects_data.h5","/home/benedikt_nothhelfer/data_share/ULTra-MoCap/ULTra-MoCap-processed/","cuda","ultramocap_dataset.p","/home/benedikt_nothhelfer/data_share/ULTra-MoCap/","[""ACCX"",""ACCY"",""ACCZ"",""GYROX"",""GYROY"",""GYROZ""]","true","[""1"",""2"",""3"",""4"",""5"",""6""]","false","0.01","true","0.00001","false","[""subject_1"",""subject_2"",""subject_3"",""subject_4"",""subject_5"",""subject_6"",""subject_7"",""subject_8"",""subject_9"",""subject_10"",""subject_11"",""subject_12"",""subject_13""]","MSE","[1,1,1,1,1,1,1]","","","","bilstm","50","","5","true","Adam","1600","0.5","","","","","","","","","","","","","","","","","","","","","","false","/home/benedikt_nothhelfer/ba_upki_benedikt/projects/UpKi_BioMat_Ultra/results","false","fixedwindow","[""all""]","[""imu""]","[""baseline""]","[""ACCX"",""ACCY"",""ACCZ"",""GYROX"",""GYROY"",""GYROZ""]","[""arm_flex_r"",""arm_add_r"",""arm_rot_r"",""elbow_flex_r"",""pro_sup_r"",""wrist_flex_r"",""wrist_dev_r""]","[""arm_flex_r"",""arm_add_r"",""arm_rot_r"",""elbow_flex_r"",""pro_sup_r"",""wrist_flex_r"",""wrist_dev_r"",""arm_flex_l"",""arm_add_l"",""arm_rot_l"",""elbow_flex_l"",""pro_sup_l"",""wrist_flex_l"",""wrist_dev_l""]","[""1"",""2"",""3"",""4"",""5"",""6""]","[""AS"",""CB"",""EF"",""ER"",""OR""]","[""hand(1)"",""wrist(2)"",""Forearm(3)"",""Biceps(4)"",""Triceps(5)"",""Deltoid(6)""]","[""hand(1)"",""wrist(2)"",""Forearm(3)"",""Biceps(4)"",""Triceps(5)"",""Deltoid(6)""]","256","[""AS"",""CB"",""EF"",""ER"",""OR""]","[""F"",""N"",""S"",""VF"",""90"",""180"",""M""]","[""N"",""90"",""180"",""M""]","[""subject_13""]","[""AS"",""CB"",""EF"",""ER"",""OR""]","[""F"",""N"",""S"",""VF"",""90"",""180"",""M""]","[""N"",""90"",""180"",""M""]","[""subject_1"",""subject_2"",""subject_3"",""subject_4"",""subject_5"",""subject_6"",""subject_7"",""subject_8"",""subject_9"",""subject_10"",""subject_11"",""subject_12""]","[""fc1"",""fc2_1"",""fc2_2"",""fc2_3""]","lopo","128","64","0.5","8","2","0.5","false","false","13","17.927173066802712","30.09961619012922","31.239793582440473","22.06198560536848","20.36353495493666","21.70052441303659","10.06571592053646","9.449935906242692","14.724307712784226","22.858371796708784","25.12007221252249","24.09990575744017","19.744113320509584","8.442727849462212","12.741693915883255","18.247313223615816","2.896829481673297","2.8211970555645176","5.840696044976093","5.997628639617266","4.921647147888361","8.343121688313799","3.409111193285636","4.1096339861544635"
"transformertsai_14.04","finished","-","","","2026-04-14T10:45:38.000Z","6959","2ew5qkhp","16","0.5","64","3","false","by_var","StandardScaler","All_subjects_data.h5","/home/benedikt_nothhelfer/data_share/ULTra-MoCap/ULTra-MoCap-processed/","cuda","ultramocap_dataset.p","/home/benedikt_nothhelfer/data_share/ULTra-MoCap/","[""ACCX"",""ACCY"",""ACCZ"",""GYROX"",""GYROY"",""GYROZ""]","true","[""1"",""2"",""3"",""4"",""5"",""6""]","false","0.01","true","0.0001","false","[""subject_1"",""subject_2"",""subject_3"",""subject_4"",""subject_5"",""subject_6"",""subject_7"",""subject_8"",""subject_9"",""subject_10"",""subject_11"",""subject_12"",""subject_13""]","MSE","[1,1,1,1,1,1,1]","","","","bilstm","70","","5","true","Adam","1600","0.5","","","","","","","","","","","","","","","","","","","","","","false","/home/benedikt_nothhelfer/ba_upki_benedikt/projects/UpKi_BioMat_Ultra/results","false","fixedwindow","[""all""]","[""imu""]","[""baseline""]","[""ACCX"",""ACCY"",""ACCZ"",""GYROX"",""GYROY"",""GYROZ""]","[""arm_flex_r"",""arm_add_r"",""arm_rot_r"",""elbow_flex_r"",""pro_sup_r"",""wrist_flex_r"",""wrist_dev_r""]","[""arm_flex_r"",""arm_add_r"",""arm_rot_r"",""elbow_flex_r"",""pro_sup_r"",""wrist_flex_r"",""wrist_dev_r"",""arm_flex_l"",""arm_add_l"",""arm_rot_l"",""elbow_flex_l"",""pro_sup_l"",""wrist_flex_l"",""wrist_dev_l""]","[""1"",""2"",""3"",""4"",""5"",""6""]","[""AS"",""CB"",""EF"",""ER"",""OR""]","[""hand(1)"",""wrist(2)"",""Forearm(3)"",""Biceps(4)"",""Triceps(5)"",""Deltoid(6)""]","[""hand(1)"",""wrist(2)"",""Forearm(3)"",""Biceps(4)"",""Triceps(5)"",""Deltoid(6)""]","256","[""AS"",""CB"",""EF"",""ER"",""OR""]","[""F"",""N"",""S"",""VF"",""90"",""180"",""M""]","[""N"",""90"",""180"",""M""]","[""subject_13""]","[""AS"",""CB"",""EF"",""ER"",""OR""]","[""F"",""N"",""S"",""VF"",""90"",""180"",""M""]","[""N"",""90"",""180"",""M""]","[""subject_1"",""subject_2"",""subject_3"",""subject_4"",""subject_5"",""subject_6"",""subject_7"",""subject_8"",""subject_9"",""subject_10"",""subject_11"",""subject_12""]","[""fc1"",""fc2_1"",""fc2_2"",""fc2_3""]","lopo","256","128","0.5","4","3","0.1","false","false","13","10.377027875924762","24.619159859219803","30.691911591368857","14.733741965677472","16.475113886116436","13.67456493097085","9.517734677728203","11.7116563019251","11.413426044069585","21.588640728285604","25.249286318998585","14.645224152757804","16.419343018607677","8.76640875114764","12.888220197349815","15.852935601602384","2.7611738928246585","2.9646104486312264","6.080933345246649","7.230529847346903","3.738603912466976","4.137518595898675","2.6270474457602337","3.909388095675087"
"transformertsai_14.04","finished","-","","","2026-04-14T08:38:53.000Z","7599","2ew5qkhp","16","0.5","64","3","false","by_var","StandardScaler","All_subjects_data.h5","/home/benedikt_nothhelfer/data_share/ULTra-MoCap/ULTra-MoCap-processed/","cuda","ultramocap_dataset.p","/home/benedikt_nothhelfer/data_share/ULTra-MoCap/","[""ACCX"",""ACCY"",""ACCZ"",""GYROX"",""GYROY"",""GYROZ""]","true","[""1"",""2"",""3"",""4"",""5"",""6""]","false","0.01","true","0.00001","false","[""subject_1"",""subject_2"",""subject_3"",""subject_4"",""subject_5"",""subject_6"",""subject_7"",""subject_8"",""subject_9"",""subject_10"",""subject_11"",""subject_12"",""subject_13""]","MSE","[1,1,1,1,1,1,1]","","","","bilstm","70","","5","true","Adam","1600","0.5","","","","","","","","","","","","","","","","","","","","","","false","/home/benedikt_nothhelfer/ba_upki_benedikt/projects/UpKi_BioMat_Ultra/results","false","fixedwindow","[""all""]","[""imu""]","[""baseline""]","[""ACCX"",""ACCY"",""ACCZ"",""GYROX"",""GYROY"",""GYROZ""]","[""arm_flex_r"",""arm_add_r"",""arm_rot_r"",""elbow_flex_r"",""pro_sup_r"",""wrist_flex_r"",""wrist_dev_r""]","[""arm_flex_r"",""arm_add_r"",""arm_rot_r"",""elbow_flex_r"",""pro_sup_r"",""wrist_flex_r"",""wrist_dev_r"",""arm_flex_l"",""arm_add_l"",""arm_rot_l"",""elbow_flex_l"",""pro_sup_l"",""wrist_flex_l"",""wrist_dev_l""]","[""1"",""2"",""3"",""4"",""5"",""6""]","[""AS"",""CB"",""EF"",""ER"",""OR""]","[""hand(1)"",""wrist(2)"",""Forearm(3)"",""Biceps(4)"",""Triceps(5)"",""Deltoid(6)""]","[""hand(1)"",""wrist(2)"",""Forearm(3)"",""Biceps(4)"",""Triceps(5)"",""Deltoid(6)""]","256","[""AS"",""CB"",""EF"",""ER"",""OR""]","[""F"",""N"",""S"",""VF"",""90"",""180"",""M""]","[""N"",""90"",""180"",""M""]","[""subject_13""]","[""AS"",""CB"",""EF"",""ER"",""OR""]","[""F"",""N"",""S"",""VF"",""90"",""180"",""M""]","[""N"",""90"",""180"",""M""]","[""subject_1"",""subject_2"",""subject_3"",""subject_4"",""subject_5"",""subject_6"",""subject_7"",""subject_8"",""subject_9"",""subject_10"",""subject_11"",""subject_12""]","[""fc1"",""fc2_1"",""fc2_2"",""fc2_3""]","lopo","128","128","0.3","4","2","0.3","false","false","13","10.698095850645965","29.051959840182825","32.31624582852483","16.091209555648536","20.386676718662184","27.337041560336296","10.727930511824226","16.484253883472626","11.666024727854897","22.131750347591204","25.051833443734076","15.922288674503868","19.882757579715456","8.983264115045255","13.88389553225756","16.7888306315289","2.758029726233536","2.1076548676141993","7.4014069319492","6.433806121145693","4.358221570912918","6.601342868674212","2.7105611816954056","4.57135651582134"
"transformertsai_14.04","finished","-","","","2026-04-14T06:12:31.000Z","8777","2ew5qkhp","8","0.5","64","3","false","by_var","StandardScaler","All_subjects_data.h5","/home/benedikt_nothhelfer/data_share/ULTra-MoCap/ULTra-MoCap-processed/","cuda","ultramocap_dataset.p","/home/benedikt_nothhelfer/data_share/ULTra-MoCap/","[""ACCX"",""ACCY"",""ACCZ"",""GYROX"",""GYROY"",""GYROZ""]","true","[""1"",""2"",""3"",""4"",""5"",""6""]","false","0.001","true","0.0001","false","[""subject_1"",""subject_2"",""subject_3"",""subject_4"",""subject_5"",""subject_6"",""subject_7"",""subject_8"",""subject_9"",""subject_10"",""subject_11"",""subject_12"",""subject_13""]","MSE","[1,1,1,1,1,1,1]","","","","bilstm","70","","5","true","Adam","1600","0.5","","","","","","","","","","","","","","","","","","","","","","false","/home/benedikt_nothhelfer/ba_upki_benedikt/projects/UpKi_BioMat_Ultra/results","false","fixedwindow","[""all""]","[""imu""]","[""baseline""]","[""ACCX"",""ACCY"",""ACCZ"",""GYROX"",""GYROY"",""GYROZ""]","[""arm_flex_r"",""arm_add_r"",""arm_rot_r"",""elbow_flex_r"",""pro_sup_r"",""wrist_flex_r"",""wrist_dev_r""]","[""arm_flex_r"",""arm_add_r"",""arm_rot_r"",""elbow_flex_r"",""pro_sup_r"",""wrist_flex_r"",""wrist_dev_r"",""arm_flex_l"",""arm_add_l"",""arm_rot_l"",""elbow_flex_l"",""pro_sup_l"",""wrist_flex_l"",""wrist_dev_l""]","[""1"",""2"",""3"",""4"",""5"",""6""]","[""AS"",""CB"",""EF"",""ER"",""OR""]","[""hand(1)"",""wrist(2)"",""Forearm(3)"",""Biceps(4)"",""Triceps(5)"",""Deltoid(6)""]","[""hand(1)"",""wrist(2)"",""Forearm(3)"",""Biceps(4)"",""Triceps(5)"",""Deltoid(6)""]","256","[""AS"",""CB"",""EF"",""ER"",""OR""]","[""F"",""N"",""S"",""VF"",""90"",""180"",""M""]","[""N"",""90"",""180"",""M""]","[""subject_13""]","[""AS"",""CB"",""EF"",""ER"",""OR""]","[""F"",""N"",""S"",""VF"",""90"",""180"",""M""]","[""N"",""90"",""180"",""M""]","[""subject_1"",""subject_2"",""subject_3"",""subject_4"",""subject_5"",""subject_6"",""subject_7"",""subject_8"",""subject_9"",""subject_10"",""subject_11"",""subject_12""]","[""fc1"",""fc2_1"",""fc2_2"",""fc2_3""]","lopo","128","64","0.3","4","3","0.1","false","false","13","13.224289007079156","27.62918543442063","29.673036251565907","15.752958110526723","17.51087015938986","19.17616872343831","7.471443360343583","9.6490102283547","12.377735362220555","21.67293492490867","24.410360789748545","14.671363488507078","17.78490201771345","9.324927230847113","13.288965442477272","16.218741322346098","2.570090882929224","3.2259827616052816","4.965711933321201","7.595805634971943","3.9001905758334634","4.1973347731135515","2.6965183555619956","3.9801143553426295"
"transformertsai_14.04","finished","-","","","2026-04-14T05:13:31.000Z","3536","2ew5qkhp","16","0.5","64","3","false","by_var","StandardScaler","All_subjects_data.h5","/home/benedikt_nothhelfer/data_share/ULTra-MoCap/ULTra-MoCap-processed/","cuda","ultramocap_dataset.p","/home/benedikt_nothhelfer/data_share/ULTra-MoCap/","[""ACCX"",""ACCY"",""ACCZ"",""GYROX"",""GYROY"",""GYROZ""]","true","[""1"",""2"",""3"",""4"",""5"",""6""]","false","0.01","true","0.0001","false","[""subject_1"",""subject_2"",""subject_3"",""subject_4"",""subject_5"",""subject_6"",""subject_7"",""subject_8"",""subject_9"",""subject_10"",""subject_11"",""subject_12"",""subject_13""]","MSE","[1,1,1,1,1,1,1]","","","","bilstm","70","","5","true","Adam","1600","0.5","","","","","","","","","","","","","","","","","","","","","","false","/home/benedikt_nothhelfer/ba_upki_benedikt/projects/UpKi_BioMat_Ultra/results","false","fixedwindow","[""all""]","[""imu""]","[""baseline""]","[""ACCX"",""ACCY"",""ACCZ"",""GYROX"",""GYROY"",""GYROZ""]","[""arm_flex_r"",""arm_add_r"",""arm_rot_r"",""elbow_flex_r"",""pro_sup_r"",""wrist_flex_r"",""wrist_dev_r""]","[""arm_flex_r"",""arm_add_r"",""arm_rot_r"",""elbow_flex_r"",""pro_sup_r"",""wrist_flex_r"",""wrist_dev_r"",""arm_flex_l"",""arm_add_l"",""arm_rot_l"",""elbow_flex_l"",""pro_sup_l"",""wrist_flex_l"",""wrist_dev_l""]","[""1"",""2"",""3"",""4"",""5"",""6""]","[""AS"",""CB"",""EF"",""ER"",""OR""]","[""hand(1)"",""wrist(2)"",""Forearm(3)"",""Biceps(4)"",""Triceps(5)"",""Deltoid(6)""]","[""hand(1)"",""wrist(2)"",""Forearm(3)"",""Biceps(4)"",""Triceps(5)"",""Deltoid(6)""]","256","[""AS"",""CB"",""EF"",""ER"",""OR""]","[""F"",""N"",""S"",""VF"",""90"",""180"",""M""]","[""N"",""90"",""180"",""M""]","[""subject_13""]","[""AS"",""CB"",""EF"",""ER"",""OR""]","[""F"",""N"",""S"",""VF"",""90"",""180"",""M""]","[""N"",""90"",""180"",""M""]","[""subject_1"",""subject_2"",""subject_3"",""subject_4"",""subject_5"",""subject_6"",""subject_7"",""subject_8"",""subject_9"",""subject_10"",""subject_11"",""subject_12""]","[""fc1"",""fc2_1"",""fc2_2"",""fc2_3""]","lopo","256","64","0.3","4","3","0.3","false","false","13","9.92121695601544","19.97364005104037","28.393165991824883","12.542987188744856","16.509291704067248","21.816187066069897","9.30935682922382","13.608487845551483","11.6949739454278","21.51894953212487","25.935015909691213","14.678279620025725","19.551326634669888","9.019661477929647","13.4233303894674","16.545933929905217","2.6640464968689024","2.94964713780376","5.373315819740836","7.499779896515469","3.5050065557087193","5.171057190555358","2.8485908737468053","3.825724842470825"
"transformertsai_14.04","finished","-","","","2026-04-14T04:15:53.000Z","3457","2ew5qkhp","16","0.5","64","3","false","by_var","StandardScaler","All_subjects_data.h5","/home/benedikt_nothhelfer/data_share/ULTra-MoCap/ULTra-MoCap-processed/","cuda","ultramocap_dataset.p","/home/benedikt_nothhelfer/data_share/ULTra-MoCap/","[""ACCX"",""ACCY"",""ACCZ"",""GYROX"",""GYROY"",""GYROZ""]","true","[""1"",""2"",""3"",""4"",""5"",""6""]","false","0.0001","true","0.00001","false","[""subject_1"",""subject_2"",""subject_3"",""subject_4"",""subject_5"",""subject_6"",""subject_7"",""subject_8"",""subject_9"",""subject_10"",""subject_11"",""subject_12"",""subject_13""]","MSE","[1,1,1,1,1,1,1]","","","","bilstm","70","","5","true","Adam","1600","0.5","","","","","","","","","","","","","","","","","","","","","","false","/home/benedikt_nothhelfer/ba_upki_benedikt/projects/UpKi_BioMat_Ultra/results","false","fixedwindow","[""all""]","[""imu""]","[""baseline""]","[""ACCX"",""ACCY"",""ACCZ"",""GYROX"",""GYROY"",""GYROZ""]","[""arm_flex_r"",""arm_add_r"",""arm_rot_r"",""elbow_flex_r"",""pro_sup_r"",""wrist_flex_r"",""wrist_dev_r""]","[""arm_flex_r"",""arm_add_r"",""arm_rot_r"",""elbow_flex_r"",""pro_sup_r"",""wrist_flex_r"",""wrist_dev_r"",""arm_flex_l"",""arm_add_l"",""arm_rot_l"",""elbow_flex_l"",""pro_sup_l"",""wrist_flex_l"",""wrist_dev_l""]","[""1"",""2"",""3"",""4"",""5"",""6""]","[""AS"",""CB"",""EF"",""ER"",""OR""]","[""hand(1)"",""wrist(2)"",""Forearm(3)"",""Biceps(4)"",""Triceps(5)"",""Deltoid(6)""]","[""hand(1)"",""wrist(2)"",""Forearm(3)"",""Biceps(4)"",""Triceps(5)"",""Deltoid(6)""]","256","[""AS"",""CB"",""EF"",""ER"",""OR""]","[""F"",""N"",""S"",""VF"",""90"",""180"",""M""]","[""N"",""90"",""180"",""M""]","[""subject_13""]","[""AS"",""CB"",""EF"",""ER"",""OR""]","[""F"",""N"",""S"",""VF"",""90"",""180"",""M""]","[""N"",""90"",""180"",""M""]","[""subject_1"",""subject_2"",""subject_3"",""subject_4"",""subject_5"",""subject_6"",""subject_7"",""subject_8"",""subject_9"",""subject_10"",""subject_11"",""subject_12""]","[""fc1"",""fc2_1"",""fc2_2"",""fc2_3""]","lopo","256","128","0.3","4","2","0.1","false","false","13","10.951010021275971","25.883677776550662","32.66999393607848","15.10973873140068","17.577532181215467","18.705169626063903","7.664295551997886","12.058839625140676","11.103113433273386","21.12337175492361","26.41579085036184","15.378993116233891","17.998050391329095","8.505834392348344","14.112417681327823","16.376795945685426","2.3563478752006617","2.5088640518610195","6.131091807429892","6.977839025471809","4.726760811508261","4.880498073834828","2.2153191105975507","4.745711500131285"
"transformertsai_14.04","finished","-","","","2026-04-14T01:42:36.000Z","9196","2ew5qkhp","8","0.5","64","3","false","by_var","StandardScaler","All_subjects_data.h5","/home/benedikt_nothhelfer/data_share/ULTra-MoCap/ULTra-MoCap-processed/","cuda","ultramocap_dataset.p","/home/benedikt_nothhelfer/data_share/ULTra-MoCap/","[""ACCX"",""ACCY"",""ACCZ"",""GYROX"",""GYROY"",""GYROZ""]","true","[""1"",""2"",""3"",""4"",""5"",""6""]","false","0.0001","true","0.0001","false","[""subject_1"",""subject_2"",""subject_3"",""subject_4"",""subject_5"",""subject_6"",""subject_7"",""subject_8"",""subject_9"",""subject_10"",""subject_11"",""subject_12"",""subject_13""]","MSE","[1,1,1,1,1,1,1]","","","","bilstm","70","","5","true","Adam","1600","0.5","","","","","","","","","","","","","","","","","","","","","","false","/home/benedikt_nothhelfer/ba_upki_benedikt/projects/UpKi_BioMat_Ultra/results","false","fixedwindow","[""all""]","[""imu""]","[""baseline""]","[""ACCX"",""ACCY"",""ACCZ"",""GYROX"",""GYROY"",""GYROZ""]","[""arm_flex_r"",""arm_add_r"",""arm_rot_r"",""elbow_flex_r"",""pro_sup_r"",""wrist_flex_r"",""wrist_dev_r""]","[""arm_flex_r"",""arm_add_r"",""arm_rot_r"",""elbow_flex_r"",""pro_sup_r"",""wrist_flex_r"",""wrist_dev_r"",""arm_flex_l"",""arm_add_l"",""arm_rot_l"",""elbow_flex_l"",""pro_sup_l"",""wrist_flex_l"",""wrist_dev_l""]","[""1"",""2"",""3"",""4"",""5"",""6""]","[""AS"",""CB"",""EF"",""ER"",""OR""]","[""hand(1)"",""wrist(2)"",""Forearm(3)"",""Biceps(4)"",""Triceps(5)"",""Deltoid(6)""]","[""hand(1)"",""wrist(2)"",""Forearm(3)"",""Biceps(4)"",""Triceps(5)"",""Deltoid(6)""]","256","[""AS"",""CB"",""EF"",""ER"",""OR""]","[""F"",""N"",""S"",""VF"",""90"",""180"",""M""]","[""N"",""90"",""180"",""M""]","[""subject_13""]","[""AS"",""CB"",""EF"",""ER"",""OR""]","[""F"",""N"",""S"",""VF"",""90"",""180"",""M""]","[""N"",""90"",""180"",""M""]","[""subject_1"",""subject_2"",""subject_3"",""subject_4"",""subject_5"",""subject_6"",""subject_7"",""subject_8"",""subject_9"",""subject_10"",""subject_11"",""subject_12""]","[""fc1"",""fc2_1"",""fc2_2"",""fc2_3""]","lopo","256","128","0.5","4","3","0.5","false","false","13","11.48777219894072","21.52831111003824","26.458577421826018","15.422532615201334","16.101443475756046","16.800941324822666","10.25962555222744","10.752344107235915","12.743841253621138","22.60048951041432","25.870873360148565","16.702201715589883","19.694364085503985","9.44181936893218","13.354018291024277","17.201086797890618","3.3110504021389957","3.416014029004391","6.506475430653198","7.625253343436466","4.980714940514512","6.764882609655341","3.073665269829332","4.008229303542097"
"transformertsai_14.04","finished","-","","","2026-04-13T22:26:34.000Z","11758","2ew5qkhp","16","0.5","64","3","false","by_var","StandardScaler","All_subjects_data.h5","/home/benedikt_nothhelfer/data_share/ULTra-MoCap/ULTra-MoCap-processed/","cuda","ultramocap_dataset.p","/home/benedikt_nothhelfer/data_share/ULTra-MoCap/","[""ACCX"",""ACCY"",""ACCZ"",""GYROX"",""GYROY"",""GYROZ""]","true","[""1"",""2"",""3"",""4"",""5"",""6""]","false","0.0001","true","0.0001","false","[""subject_1"",""subject_2"",""subject_3"",""subject_4"",""subject_5"",""subject_6"",""subject_7"",""subject_8"",""subject_9"",""subject_10"",""subject_11"",""subject_12"",""subject_13""]","MSE","[1,1,1,1,1,1,1]","","","","bilstm","100","","5","true","Adam","1600","0.5","","","","","","","","","","","","","","","","","","","","","","false","/home/benedikt_nothhelfer/ba_upki_benedikt/projects/UpKi_BioMat_Ultra/results","false","fixedwindow","[""all""]","[""imu""]","[""baseline""]","[""ACCX"",""ACCY"",""ACCZ"",""GYROX"",""GYROY"",""GYROZ""]","[""arm_flex_r"",""arm_add_r"",""arm_rot_r"",""elbow_flex_r"",""pro_sup_r"",""wrist_flex_r"",""wrist_dev_r""]","[""arm_flex_r"",""arm_add_r"",""arm_rot_r"",""elbow_flex_r"",""pro_sup_r"",""wrist_flex_r"",""wrist_dev_r"",""arm_flex_l"",""arm_add_l"",""arm_rot_l"",""elbow_flex_l"",""pro_sup_l"",""wrist_flex_l"",""wrist_dev_l""]","[""1"",""2"",""3"",""4"",""5"",""6""]","[""AS"",""CB"",""EF"",""ER"",""OR""]","[""hand(1)"",""wrist(2)"",""Forearm(3)"",""Biceps(4)"",""Triceps(5)"",""Deltoid(6)""]","[""hand(1)"",""wrist(2)"",""Forearm(3)"",""Biceps(4)"",""Triceps(5)"",""Deltoid(6)""]","256","[""AS"",""CB"",""EF"",""ER"",""OR""]","[""F"",""N"",""S"",""VF"",""90"",""180"",""M""]","[""N"",""90"",""180"",""M""]","[""subject_13""]","[""AS"",""CB"",""EF"",""ER"",""OR""]","[""F"",""N"",""S"",""VF"",""90"",""180"",""M""]","[""N"",""90"",""180"",""M""]","[""subject_1"",""subject_2"",""subject_3"",""subject_4"",""subject_5"",""subject_6"",""subject_7"",""subject_8"",""subject_9"",""subject_10"",""subject_11"",""subject_12""]","[""fc1"",""fc2_1"",""fc2_2"",""fc2_3""]","lopo","128","128","0.3","8","2","0.5","false","false","13","11.17645799986534","22.949941751659765","27.85187701811275","14.293607854305389","16.412654267323905","17.970372013077","10.845524370910631","9.800798863336444","12.14779480729274","21.988588210936257","25.460310484420447","16.371515869903746","20.716299686532903","9.305303524928751","13.010637198609592","17.000064254660632","2.7191852765377664","2.833175047519667","5.396678776740466","7.5518096067476685","4.242745442080058","6.5417297537767","2.787352234990497","4.209039207907585"
"transformertsai_13.04","finished","-","","","2026-04-13T19:49:18.000Z","9433","2ew5qkhp","8","0.5","64","3","false","by_var","StandardScaler","All_subjects_data.h5","/home/benedikt_nothhelfer/data_share/ULTra-MoCap/ULTra-MoCap-processed/","cuda","ultramocap_dataset.p","/home/benedikt_nothhelfer/data_share/ULTra-MoCap/","[""ACCX"",""ACCY"",""ACCZ"",""GYROX"",""GYROY"",""GYROZ""]","true","[""1"",""2"",""3"",""4"",""5"",""6""]","false","0.01","true","0.00001","false","[""subject_1"",""subject_2"",""subject_3"",""subject_4"",""subject_5"",""subject_6"",""subject_7"",""subject_8"",""subject_9"",""subject_10"",""subject_11"",""subject_12"",""subject_13""]","MSE","[1,1,1,1,1,1,1]","","","","bilstm","100","","5","true","Adam","1600","0.5","","","","","","","","","","","","","","","","","","","","","","false","/home/benedikt_nothhelfer/ba_upki_benedikt/projects/UpKi_BioMat_Ultra/results","false","fixedwindow","[""all""]","[""imu""]","[""baseline""]","[""ACCX"",""ACCY"",""ACCZ"",""GYROX"",""GYROY"",""GYROZ""]","[""arm_flex_r"",""arm_add_r"",""arm_rot_r"",""elbow_flex_r"",""pro_sup_r"",""wrist_flex_r"",""wrist_dev_r""]","[""arm_flex_r"",""arm_add_r"",""arm_rot_r"",""elbow_flex_r"",""pro_sup_r"",""wrist_flex_r"",""wrist_dev_r"",""arm_flex_l"",""arm_add_l"",""arm_rot_l"",""elbow_flex_l"",""pro_sup_l"",""wrist_flex_l"",""wrist_dev_l""]","[""1"",""2"",""3"",""4"",""5"",""6""]","[""AS"",""CB"",""EF"",""ER"",""OR""]","[""hand(1)"",""wrist(2)"",""Forearm(3)"",""Biceps(4)"",""Triceps(5)"",""Deltoid(6)""]","[""hand(1)"",""wrist(2)"",""Forearm(3)"",""Biceps(4)"",""Triceps(5)"",""Deltoid(6)""]","256","[""AS"",""CB"",""EF"",""ER"",""OR""]","[""F"",""N"",""S"",""VF"",""90"",""180"",""M""]","[""N"",""90"",""180"",""M""]","[""subject_13""]","[""AS"",""CB"",""EF"",""ER"",""OR""]","[""F"",""N"",""S"",""VF"",""90"",""180"",""M""]","[""N"",""90"",""180"",""M""]","[""subject_1"",""subject_2"",""subject_3"",""subject_4"",""subject_5"",""subject_6"",""subject_7"",""subject_8"",""subject_9"",""subject_10"",""subject_11"",""subject_12""]","[""fc1"",""fc2_1"",""fc2_2"",""fc2_3""]","lopo","256","64","0.5","4","3","0.5","false","false","13","11.756500338924017","25.374490479074456","32.66649642248588","13.869833177832248","19.375749864128885","27.693251690437393","8.58205650052341","15.687620439624787","12.105507697611989","22.32665380623172","27.093850325535065","17.917021917484412","19.468987713295533","8.947710901386953","13.882729077077752","17.39178020551763","2.583191924430399","2.002838889215946","7.009507422018444","7.707295980736037","5.000954240265534","5.758779343566681","2.211283087488484","4.459617150647888"
"transformertsai_13.04","finished","-","","","2026-04-13T18:16:57.000Z","5540","2ew5qkhp","8","0.5","64","3","false","by_var","StandardScaler","All_subjects_data.h5","/home/benedikt_nothhelfer/data_share/ULTra-MoCap/ULTra-MoCap-processed/","cuda","ultramocap_dataset.p","/home/benedikt_nothhelfer/data_share/ULTra-MoCap/","[""ACCX"",""ACCY"",""ACCZ"",""GYROX"",""GYROY"",""GYROZ""]","true","[""1"",""2"",""3"",""4"",""5"",""6""]","false","0.01","true","0.00001","false","[""subject_1"",""subject_2"",""subject_3"",""subject_4"",""subject_5"",""subject_6"",""subject_7"",""subject_8"",""subject_9"",""subject_10"",""subject_11"",""subject_12"",""subject_13""]","MSE","[1,1,1,1,1,1,1]","","","","bilstm","70","","5","true","Adam","1600","0.5","","","","","","","","","","","","","","","","","","","","","","false","/home/benedikt_nothhelfer/ba_upki_benedikt/projects/UpKi_BioMat_Ultra/results","false","fixedwindow","[""all""]","[""imu""]","[""baseline""]","[""ACCX"",""ACCY"",""ACCZ"",""GYROX"",""GYROY"",""GYROZ""]","[""arm_flex_r"",""arm_add_r"",""arm_rot_r"",""elbow_flex_r"",""pro_sup_r"",""wrist_flex_r"",""wrist_dev_r""]","[""arm_flex_r"",""arm_add_r"",""arm_rot_r"",""elbow_flex_r"",""pro_sup_r"",""wrist_flex_r"",""wrist_dev_r"",""arm_flex_l"",""arm_add_l"",""arm_rot_l"",""elbow_flex_l"",""pro_sup_l"",""wrist_flex_l"",""wrist_dev_l""]","[""1"",""2"",""3"",""4"",""5"",""6""]","[""AS"",""CB"",""EF"",""ER"",""OR""]","[""hand(1)"",""wrist(2)"",""Forearm(3)"",""Biceps(4)"",""Triceps(5)"",""Deltoid(6)""]","[""hand(1)"",""wrist(2)"",""Forearm(3)"",""Biceps(4)"",""Triceps(5)"",""Deltoid(6)""]","256","[""AS"",""CB"",""EF"",""ER"",""OR""]","[""F"",""N"",""S"",""VF"",""90"",""180"",""M""]","[""N"",""90"",""180"",""M""]","[""subject_13""]","[""AS"",""CB"",""EF"",""ER"",""OR""]","[""F"",""N"",""S"",""VF"",""90"",""180"",""M""]","[""N"",""90"",""180"",""M""]","[""subject_1"",""subject_2"",""subject_3"",""subject_4"",""subject_5"",""subject_6"",""subject_7"",""subject_8"",""subject_9"",""subject_10"",""subject_11"",""subject_12""]","[""fc1"",""fc2_1"",""fc2_2"",""fc2_3""]","lopo","256","64","0.5","8","2","0.1","false","false","13","11.429992564228366","29.52538492403424","33.737260180321826","21.576104449845527","21.276817176083807","26.603527444892116","11.242038151511789","14.823412517752796","11.88748729740656","20.997489657162784","24.743038041104136","16.234801284642025","18.68283591500667","8.883665551216101","13.528396277549575","16.42253057486969","2.63935594296788","2.329083234439467","6.432149388370738","6.823070624086904","4.370142142797203","5.078373077132578","2.8070115906294997","4.7579341990972415"
"transformertsai_13.04","finished","-","","","2026-04-13T09:01:30.000Z","3297","c5z0ystu","16","0.5","64","3","false","by_var","StandardScaler","All_subjects_data.h5","/home/benedikt_nothhelfer/data_share/ULTra-MoCap/ULTra-MoCap-processed/","cuda","ultramocap_dataset.p","/home/benedikt_nothhelfer/data_share/ULTra-MoCap/","[""ACCX"",""ACCY"",""ACCZ"",""GYROX"",""GYROY"",""GYROZ""]","true","[""1"",""2"",""3"",""4"",""5"",""6""]","false","0.0001","true","0.00001","false","[""subject_1"",""subject_2"",""subject_3"",""subject_4"",""subject_5"",""subject_6"",""subject_7"",""subject_8"",""subject_9"",""subject_10"",""subject_11"",""subject_12"",""subject_13""]","MSE","[1,1,1,1,1,1,1]","","","","bilstm","100","","5","true","Adam","1600","0.5","","","","","","","","","","","","","","","","","","","","","","false","/home/benedikt_nothhelfer/ba_upki_benedikt/projects/UpKi_BioMat_Ultra/results","false","fixedwindow","[""all""]","[""imu""]","[""baseline""]","[""ACCX"",""ACCY"",""ACCZ"",""GYROX"",""GYROY"",""GYROZ""]","[""arm_flex_r"",""arm_add_r"",""arm_rot_r"",""elbow_flex_r"",""pro_sup_r"",""wrist_flex_r"",""wrist_dev_r""]","[""arm_flex_r"",""arm_add_r"",""arm_rot_r"",""elbow_flex_r"",""pro_sup_r"",""wrist_flex_r"",""wrist_dev_r"",""arm_flex_l"",""arm_add_l"",""arm_rot_l"",""elbow_flex_l"",""pro_sup_l"",""wrist_flex_l"",""wrist_dev_l""]","[""1"",""2"",""3"",""4"",""5"",""6""]","[""AS"",""CB"",""EF"",""ER"",""OR""]","[""hand(1)"",""wrist(2)"",""Forearm(3)"",""Biceps(4)"",""Triceps(5)"",""Deltoid(6)""]","[""hand(1)"",""wrist(2)"",""Forearm(3)"",""Biceps(4)"",""Triceps(5)"",""Deltoid(6)""]","256","[""AS"",""CB"",""EF"",""ER"",""OR""]","[""N"",""90"",""180"",""M""]","[""F"",""N"",""S"",""VF"",""90"",""180"",""M""]","[""subject_13""]","[""AS"",""CB"",""EF"",""ER"",""OR""]","[""N"",""90"",""180"",""M""]","[""F"",""N"",""S"",""VF"",""90"",""180"",""M""]","[""subject_1"",""subject_2"",""subject_3"",""subject_4"",""subject_5"",""subject_6"",""subject_7"",""subject_8"",""subject_9"",""subject_10"",""subject_11"",""subject_12""]","[""fc1"",""fc2_1"",""fc2_2"",""fc2_3""]","lopo","128","128","0.1","8","3","0.5","false","false","13","9.908969773402609","29.443563903689498","29.1708578246667","15.297849987547938","16.977110304323627","15.791948559253196","6.645275909493077","12.581306172212397","12.579274015265732","22.06880138705245","25.66886484945116","18.416821466350303","20.199756754173773","9.345709677467289","13.716142103185875","17.427910036135223","2.748562757433007","2.8043198812325714","5.797423796097785","5.7851070810179035","6.270312703794386","7.806702143992775","3.165245296364295","3.7783963465397297"
"transformertsai_13.04","finished","-","","","2026-04-13T08:45:17.000Z","971","c5z0ystu","16","0.5","64","3","false","by_var","StandardScaler","All_subjects_data.h5","/home/benedikt_nothhelfer/data_share/ULTra-MoCap/ULTra-MoCap-processed/","cuda","ultramocap_dataset.p","/home/benedikt_nothhelfer/data_share/ULTra-MoCap/","[""ACCX"",""ACCY"",""ACCZ"",""GYROX"",""GYROY"",""GYROZ""]","true","[""1"",""2"",""3"",""4"",""5"",""6""]","false","0.01","true","0.00001","false","[""subject_1"",""subject_2"",""subject_3"",""subject_4"",""subject_5"",""subject_6"",""subject_7"",""subject_8"",""subject_9"",""subject_10"",""subject_11"",""subject_12"",""subject_13""]","MSE","[1,1,1,1,1,1,1]","","","","bilstm","50","","5","true","Adam","1600","0.5","","","","","","","","","","","","","","","","","","","","","","false","/home/benedikt_nothhelfer/ba_upki_benedikt/projects/UpKi_BioMat_Ultra/results","false","fixedwindow","[""all""]","[""imu""]","[""baseline""]","[""ACCX"",""ACCY"",""ACCZ"",""GYROX"",""GYROY"",""GYROZ""]","[""arm_flex_r"",""arm_add_r"",""arm_rot_r"",""elbow_flex_r"",""pro_sup_r"",""wrist_flex_r"",""wrist_dev_r""]","[""arm_flex_r"",""arm_add_r"",""arm_rot_r"",""elbow_flex_r"",""pro_sup_r"",""wrist_flex_r"",""wrist_dev_r"",""arm_flex_l"",""arm_add_l"",""arm_rot_l"",""elbow_flex_l"",""pro_sup_l"",""wrist_flex_l"",""wrist_dev_l""]","[""1"",""2"",""3"",""4"",""5"",""6""]","[""AS"",""CB"",""EF"",""ER"",""OR""]","[""hand(1)"",""wrist(2)"",""Forearm(3)"",""Biceps(4)"",""Triceps(5)"",""Deltoid(6)""]","[""hand(1)"",""wrist(2)"",""Forearm(3)"",""Biceps(4)"",""Triceps(5)"",""Deltoid(6)""]","256","[""AS"",""CB"",""EF"",""ER"",""OR""]","[""N"",""90"",""180"",""M""]","[""F"",""N"",""S"",""VF"",""90"",""180"",""M""]","[""subject_13""]","[""AS"",""CB"",""EF"",""ER"",""OR""]","[""N"",""90"",""180"",""M""]","[""F"",""N"",""S"",""VF"",""90"",""180"",""M""]","[""subject_1"",""subject_2"",""subject_3"",""subject_4"",""subject_5"",""subject_6"",""subject_7"",""subject_8"",""subject_9"",""subject_10"",""subject_11"",""subject_12""]","[""fc1"",""fc2_1"",""fc2_2"",""fc2_3""]","lopo","256","64","0.5","8","2","0.3","false","false","13","16.870842275789713","33.42788535291628","28.538414678965136","25.84121470278045","20.03977277822091","19.495408229936334","9.44056187502179","6.664082332136663","14.516811161102131","23.652937788677885","25.87936722224109","27.489124430640913","21.08308833191471","8.12384897058092","12.051011584038609","18.97088421274232","2.575418242589226","1.742356471195651","5.070483362135447","5.417003866561604","5.500741311459411","6.7429589853822","3.155530581112903","4.603892648847752"
"transformertsai_13.04","finished","-","","","2026-04-13T08:20:37.000Z","1474","c5z0ystu","16","0.5","64","3","false","by_var","StandardScaler","All_subjects_data.h5","/home/benedikt_nothhelfer/data_share/ULTra-MoCap/ULTra-MoCap-processed/","cuda","ultramocap_dataset.p","/home/benedikt_nothhelfer/data_share/ULTra-MoCap/","[""ACCX"",""ACCY"",""ACCZ"",""GYROX"",""GYROY"",""GYROZ""]","true","[""1"",""2"",""3"",""4"",""5"",""6""]","false","0.0001","true","0.0001","false","[""subject_1"",""subject_2"",""subject_3"",""subject_4"",""subject_5"",""subject_6"",""subject_7"",""subject_8"",""subject_9"",""subject_10"",""subject_11"",""subject_12"",""subject_13""]","MSE","[1,1,1,1,1,1,1]","","","","bilstm","70","","5","true","Adam","1600","0.5","","","","","","","","","","","","","","","","","","","","","","false","/home/benedikt_nothhelfer/ba_upki_benedikt/projects/UpKi_BioMat_Ultra/results","false","fixedwindow","[""all""]","[""imu""]","[""baseline""]","[""ACCX"",""ACCY"",""ACCZ"",""GYROX"",""GYROY"",""GYROZ""]","[""arm_flex_r"",""arm_add_r"",""arm_rot_r"",""elbow_flex_r"",""pro_sup_r"",""wrist_flex_r"",""wrist_dev_r""]","[""arm_flex_r"",""arm_add_r"",""arm_rot_r"",""elbow_flex_r"",""pro_sup_r"",""wrist_flex_r"",""wrist_dev_r"",""arm_flex_l"",""arm_add_l"",""arm_rot_l"",""elbow_flex_l"",""pro_sup_l"",""wrist_flex_l"",""wrist_dev_l""]","[""1"",""2"",""3"",""4"",""5"",""6""]","[""AS"",""CB"",""EF"",""ER"",""OR""]","[""hand(1)"",""wrist(2)"",""Forearm(3)"",""Biceps(4)"",""Triceps(5)"",""Deltoid(6)""]","[""hand(1)"",""wrist(2)"",""Forearm(3)"",""Biceps(4)"",""Triceps(5)"",""Deltoid(6)""]","256","[""AS"",""CB"",""EF"",""ER"",""OR""]","[""N"",""90"",""180"",""M""]","[""F"",""N"",""S"",""VF"",""90"",""180"",""M""]","[""subject_13""]","[""AS"",""CB"",""EF"",""ER"",""OR""]","[""N"",""90"",""180"",""M""]","[""F"",""N"",""S"",""VF"",""90"",""180"",""M""]","[""subject_1"",""subject_2"",""subject_3"",""subject_4"",""subject_5"",""subject_6"",""subject_7"",""subject_8"",""subject_9"",""subject_10"",""subject_11"",""subject_12""]","[""fc1"",""fc2_1"",""fc2_2"",""fc2_3""]","lopo","128","64","0.3","4","2","0.3","false","false","13","15.806883026453542","27.913395072041418","27.011277381817585","13.878435708524028","18.183113582583736","18.35467467903572","12.31562487950727","12.001504330706595","12.828504771702542","22.563497473228633","25.80916964665167","16.503715673182757","18.449280058723353","10.03796951825408","13.611584712879353","17.1148174078032","2.69411450130793","3.208412346841273","7.094913812406606","6.64860446269695","5.496352010764235","5.735472916343989","2.613260052521366","4.061100015655547"
"transformertsai_13.04","finished","-","","","2026-04-13T07:41:07.000Z","2365","c5z0ystu","16","0.5","64","3","false","by_var","StandardScaler","All_subjects_data.h5","/home/benedikt_nothhelfer/data_share/ULTra-MoCap/ULTra-MoCap-processed/","cuda","ultramocap_dataset.p","/home/benedikt_nothhelfer/data_share/ULTra-MoCap/","[""ACCX"",""ACCY"",""ACCZ"",""GYROX"",""GYROY"",""GYROZ""]","true","[""1"",""2"",""3"",""4"",""5"",""6""]","false","0.01","true","0.00001","false","[""subject_1"",""subject_2"",""subject_3"",""subject_4"",""subject_5"",""subject_6"",""subject_7"",""subject_8"",""subject_9"",""subject_10"",""subject_11"",""subject_12"",""subject_13""]","MSE","[1,1,1,1,1,1,1]","","","","bilstm","70","","5","true","Adam","1600","0.5","","","","","","","","","","","","","","","","","","","","","","false","/home/benedikt_nothhelfer/ba_upki_benedikt/projects/UpKi_BioMat_Ultra/results","false","fixedwindow","[""all""]","[""imu""]","[""baseline""]","[""ACCX"",""ACCY"",""ACCZ"",""GYROX"",""GYROY"",""GYROZ""]","[""arm_flex_r"",""arm_add_r"",""arm_rot_r"",""elbow_flex_r"",""pro_sup_r"",""wrist_flex_r"",""wrist_dev_r""]","[""arm_flex_r"",""arm_add_r"",""arm_rot_r"",""elbow_flex_r"",""pro_sup_r"",""wrist_flex_r"",""wrist_dev_r"",""arm_flex_l"",""arm_add_l"",""arm_rot_l"",""elbow_flex_l"",""pro_sup_l"",""wrist_flex_l"",""wrist_dev_l""]","[""1"",""2"",""3"",""4"",""5"",""6""]","[""AS"",""CB"",""EF"",""ER"",""OR""]","[""hand(1)"",""wrist(2)"",""Forearm(3)"",""Biceps(4)"",""Triceps(5)"",""Deltoid(6)""]","[""hand(1)"",""wrist(2)"",""Forearm(3)"",""Biceps(4)"",""Triceps(5)"",""Deltoid(6)""]","256","[""AS"",""CB"",""EF"",""ER"",""OR""]","[""N"",""90"",""180"",""M""]","[""F"",""N"",""S"",""VF"",""90"",""180"",""M""]","[""subject_13""]","[""AS"",""CB"",""EF"",""ER"",""OR""]","[""N"",""90"",""180"",""M""]","[""F"",""N"",""S"",""VF"",""90"",""180"",""M""]","[""subject_1"",""subject_2"",""subject_3"",""subject_4"",""subject_5"",""subject_6"",""subject_7"",""subject_8"",""subject_9"",""subject_10"",""subject_11"",""subject_12""]","[""fc1"",""fc2_1"",""fc2_2"",""fc2_3""]","lopo","128","64","0.5","4","2","0.5","false","false","13","16.31719858968238","28.464621792727108","26.82535047007436","23.59578741083005","18.669803063966263","19.129049189071917","8.959320596065295","7.397293399312749","14.109306256736495","22.78754115355438","24.325927135688268","26.366819579335967","22.443014922595108","8.050164423501629","12.418157209715377","18.64299009730389","3.0375634206842683","1.9712421319535132","5.054514007705269","5.425002088361254","6.066887045082026","8.080286605026417","3.249553842127569","4.826265311112266"
"transformertsai_13.04","finished","-","","","2026-04-13T06:01:10.000Z","5992","c5z0ystu","16","0.5","64","3","false","by_var","StandardScaler","All_subjects_data.h5","/home/benedikt_nothhelfer/data_share/ULTra-MoCap/ULTra-MoCap-processed/","cuda","ultramocap_dataset.p","/home/benedikt_nothhelfer/data_share/ULTra-MoCap/","[""ACCX"",""ACCY"",""ACCZ"",""GYROX"",""GYROY"",""GYROZ""]","true","[""1"",""2"",""3"",""4"",""5"",""6""]","false","0.0001","true","0.00001","false","[""subject_1"",""subject_2"",""subject_3"",""subject_4"",""subject_5"",""subject_6"",""subject_7"",""subject_8"",""subject_9"",""subject_10"",""subject_11"",""subject_12"",""subject_13""]","MSE","[1,1,1,1,1,1,1]","","","","bilstm","100","","5","true","Adam","1600","0.5","","","","","","","","","","","","","","","","","","","","","","false","/home/benedikt_nothhelfer/ba_upki_benedikt/projects/UpKi_BioMat_Ultra/results","false","fixedwindow","[""all""]","[""imu""]","[""baseline""]","[""ACCX"",""ACCY"",""ACCZ"",""GYROX"",""GYROY"",""GYROZ""]","[""arm_flex_r"",""arm_add_r"",""arm_rot_r"",""elbow_flex_r"",""pro_sup_r"",""wrist_flex_r"",""wrist_dev_r""]","[""arm_flex_r"",""arm_add_r"",""arm_rot_r"",""elbow_flex_r"",""pro_sup_r"",""wrist_flex_r"",""wrist_dev_r"",""arm_flex_l"",""arm_add_l"",""arm_rot_l"",""elbow_flex_l"",""pro_sup_l"",""wrist_flex_l"",""wrist_dev_l""]","[""1"",""2"",""3"",""4"",""5"",""6""]","[""AS"",""CB"",""EF"",""ER"",""OR""]","[""hand(1)"",""wrist(2)"",""Forearm(3)"",""Biceps(4)"",""Triceps(5)"",""Deltoid(6)""]","[""hand(1)"",""wrist(2)"",""Forearm(3)"",""Biceps(4)"",""Triceps(5)"",""Deltoid(6)""]","256","[""AS"",""CB"",""EF"",""ER"",""OR""]","[""N"",""90"",""180"",""M""]","[""F"",""N"",""S"",""VF"",""90"",""180"",""M""]","[""subject_13""]","[""AS"",""CB"",""EF"",""ER"",""OR""]","[""N"",""90"",""180"",""M""]","[""F"",""N"",""S"",""VF"",""90"",""180"",""M""]","[""subject_1"",""subject_2"",""subject_3"",""subject_4"",""subject_5"",""subject_6"",""subject_7"",""subject_8"",""subject_9"",""subject_10"",""subject_11"",""subject_12""]","[""fc1"",""fc2_1"",""fc2_2"",""fc2_3""]","lopo","128","128","0.3","4","2","0.3","false","false","13","10.593022760873092","24.443902788398113","25.037725956628947","11.932840772900231","15.727610260905976","16.799474289363825","8.224945100388862","13.06136015778875","12.57306108521068","21.469284937506877","25.486490655084427","17.297136138326177","19.66981482831857","9.35239363984076","13.478307260044923","17.04664122061892","2.790760770239331","3.160893226187772","5.155070484815115","5.915129089371677","5.627009809886382","7.173725418056904","3.1190384651276073","3.333503518270328"
"transformertsai_13.04","finished","-","","","2026-04-13T05:11:18.000Z","2989","c5z0ystu","8","0.5","64","3","false","by_var","StandardScaler","All_subjects_data.h5","/home/benedikt_nothhelfer/data_share/ULTra-MoCap/ULTra-MoCap-processed/","cuda","ultramocap_dataset.p","/home/benedikt_nothhelfer/data_share/ULTra-MoCap/","[""ACCX"",""ACCY"",""ACCZ"",""GYROX"",""GYROY"",""GYROZ""]","true","[""1"",""2"",""3"",""4"",""5"",""6""]","false","0.0001","true","0.0001","false","[""subject_1"",""subject_2"",""subject_3"",""subject_4"",""subject_5"",""subject_6"",""subject_7"",""subject_8"",""subject_9"",""subject_10"",""subject_11"",""subject_12"",""subject_13""]","MSE","[1,1,1,1,1,1,1]","","","","bilstm","70","","5","true","Adam","1600","0.5","","","","","","","","","","","","","","","","","","","","","","false","/home/benedikt_nothhelfer/ba_upki_benedikt/projects/UpKi_BioMat_Ultra/results","false","fixedwindow","[""all""]","[""imu""]","[""baseline""]","[""ACCX"",""ACCY"",""ACCZ"",""GYROX"",""GYROY"",""GYROZ""]","[""arm_flex_r"",""arm_add_r"",""arm_rot_r"",""elbow_flex_r"",""pro_sup_r"",""wrist_flex_r"",""wrist_dev_r""]","[""arm_flex_r"",""arm_add_r"",""arm_rot_r"",""elbow_flex_r"",""pro_sup_r"",""wrist_flex_r"",""wrist_dev_r"",""arm_flex_l"",""arm_add_l"",""arm_rot_l"",""elbow_flex_l"",""pro_sup_l"",""wrist_flex_l"",""wrist_dev_l""]","[""1"",""2"",""3"",""4"",""5"",""6""]","[""AS"",""CB"",""EF"",""ER"",""OR""]","[""hand(1)"",""wrist(2)"",""Forearm(3)"",""Biceps(4)"",""Triceps(5)"",""Deltoid(6)""]","[""hand(1)"",""wrist(2)"",""Forearm(3)"",""Biceps(4)"",""Triceps(5)"",""Deltoid(6)""]","256","[""AS"",""CB"",""EF"",""ER"",""OR""]","[""N"",""90"",""180"",""M""]","[""F"",""N"",""S"",""VF"",""90"",""180"",""M""]","[""subject_13""]","[""AS"",""CB"",""EF"",""ER"",""OR""]","[""N"",""90"",""180"",""M""]","[""F"",""N"",""S"",""VF"",""90"",""180"",""M""]","[""subject_1"",""subject_2"",""subject_3"",""subject_4"",""subject_5"",""subject_6"",""subject_7"",""subject_8"",""subject_9"",""subject_10"",""subject_11"",""subject_12""]","[""fc1"",""fc2_1"",""fc2_2"",""fc2_3""]","lopo","256","64","0.1","8","2","0.3","false","false","13","13.874583061681877","28.45157145628267","29.494752939458316","14.159184151654056","17.99049259933738","17.475973195725235","9.833220242079806","12.64416314847971","13.579617463359831","21.54727424267592","26.079445285331023","17.32453956785464","19.667401335981054","10.007077900680825","14.242425906128243","17.492540243144507","2.542415231741527","3.2495130460963826","6.579978927913224","7.866895248181851","4.590939986583624","5.88507717573204","2.564753707837312","3.923737733666326"
"transformertsai_13.04","finished","-","","","2026-04-13T04:22:38.000Z","2919","c5z0ystu","8","0.5","64","3","false","by_var","StandardScaler","All_subjects_data.h5","/home/benedikt_nothhelfer/data_share/ULTra-MoCap/ULTra-MoCap-processed/","cuda","ultramocap_dataset.p","/home/benedikt_nothhelfer/data_share/ULTra-MoCap/","[""ACCX"",""ACCY"",""ACCZ"",""GYROX"",""GYROY"",""GYROZ""]","true","[""1"",""2"",""3"",""4"",""5"",""6""]","false","0.001","true","0.00001","false","[""subject_1"",""subject_2"",""subject_3"",""subject_4"",""subject_5"",""subject_6"",""subject_7"",""subject_8"",""subject_9"",""subject_10"",""subject_11"",""subject_12"",""subject_13""]","MSE","[1,1,1,1,1,1,1]","","","","bilstm","100","","5","true","Adam","1600","0.5","","","","","","","","","","","","","","","","","","","","","","false","/home/benedikt_nothhelfer/ba_upki_benedikt/projects/UpKi_BioMat_Ultra/results","false","fixedwindow","[""all""]","[""imu""]","[""baseline""]","[""ACCX"",""ACCY"",""ACCZ"",""GYROX"",""GYROY"",""GYROZ""]","[""arm_flex_r"",""arm_add_r"",""arm_rot_r"",""elbow_flex_r"",""pro_sup_r"",""wrist_flex_r"",""wrist_dev_r""]","[""arm_flex_r"",""arm_add_r"",""arm_rot_r"",""elbow_flex_r"",""pro_sup_r"",""wrist_flex_r"",""wrist_dev_r"",""arm_flex_l"",""arm_add_l"",""arm_rot_l"",""elbow_flex_l"",""pro_sup_l"",""wrist_flex_l"",""wrist_dev_l""]","[""1"",""2"",""3"",""4"",""5"",""6""]","[""AS"",""CB"",""EF"",""ER"",""OR""]","[""hand(1)"",""wrist(2)"",""Forearm(3)"",""Biceps(4)"",""Triceps(5)"",""Deltoid(6)""]","[""hand(1)"",""wrist(2)"",""Forearm(3)"",""Biceps(4)"",""Triceps(5)"",""Deltoid(6)""]","256","[""AS"",""CB"",""EF"",""ER"",""OR""]","[""N"",""90"",""180"",""M""]","[""F"",""N"",""S"",""VF"",""90"",""180"",""M""]","[""subject_13""]","[""AS"",""CB"",""EF"",""ER"",""OR""]","[""N"",""90"",""180"",""M""]","[""F"",""N"",""S"",""VF"",""90"",""180"",""M""]","[""subject_1"",""subject_2"",""subject_3"",""subject_4"",""subject_5"",""subject_6"",""subject_7"",""subject_8"",""subject_9"",""subject_10"",""subject_11"",""subject_12""]","[""fc1"",""fc2_1"",""fc2_2"",""fc2_3""]","lopo","256","64","0.5","4","2","0.1","false","false","13","9.552143364116969","31.85635933173571","30.463120601122796","14.072643677014051","16.89341652083458","13.396949189171432","6.951451889823225","11.96124759285787","11.738992240266692","20.91022170505575","25.74335434421521","17.614726904228203","18.491170323943827","8.89944870954135","12.87717343041084","16.610726808237413","2.470761679238312","3.1693453809299728","5.72432592918402","5.705678187884643","6.372788620952078","6.147807323700535","2.8916299254946902","3.5117789970378133"
"transformertsai_13.04","finished","-","","","2026-04-13T03:43:02.000Z","2374","c5z0ystu","8","0.5","64","3","false","by_var","StandardScaler","All_subjects_data.h5","/home/benedikt_nothhelfer/data_share/ULTra-MoCap/ULTra-MoCap-processed/","cuda","ultramocap_dataset.p","/home/benedikt_nothhelfer/data_share/ULTra-MoCap/","[""ACCX"",""ACCY"",""ACCZ"",""GYROX"",""GYROY"",""GYROZ""]","true","[""1"",""2"",""3"",""4"",""5"",""6""]","false","0.0001","true","0.0001","false","[""subject_1"",""subject_2"",""subject_3"",""subject_4"",""subject_5"",""subject_6"",""subject_7"",""subject_8"",""subject_9"",""subject_10"",""subject_11"",""subject_12"",""subject_13""]","MSE","[1,1,1,1,1,1,1]","","","","bilstm","70","","5","true","Adam","1600","0.5","","","","","","","","","","","","","","","","","","","","","","false","/home/benedikt_nothhelfer/ba_upki_benedikt/projects/UpKi_BioMat_Ultra/results","false","fixedwindow","[""all""]","[""imu""]","[""baseline""]","[""ACCX"",""ACCY"",""ACCZ"",""GYROX"",""GYROY"",""GYROZ""]","[""arm_flex_r"",""arm_add_r"",""arm_rot_r"",""elbow_flex_r"",""pro_sup_r"",""wrist_flex_r"",""wrist_dev_r""]","[""arm_flex_r"",""arm_add_r"",""arm_rot_r"",""elbow_flex_r"",""pro_sup_r"",""wrist_flex_r"",""wrist_dev_r"",""arm_flex_l"",""arm_add_l"",""arm_rot_l"",""elbow_flex_l"",""pro_sup_l"",""wrist_flex_l"",""wrist_dev_l""]","[""1"",""2"",""3"",""4"",""5"",""6""]","[""AS"",""CB"",""EF"",""ER"",""OR""]","[""hand(1)"",""wrist(2)"",""Forearm(3)"",""Biceps(4)"",""Triceps(5)"",""Deltoid(6)""]","[""hand(1)"",""wrist(2)"",""Forearm(3)"",""Biceps(4)"",""Triceps(5)"",""Deltoid(6)""]","256","[""AS"",""CB"",""EF"",""ER"",""OR""]","[""N"",""90"",""180"",""M""]","[""F"",""N"",""S"",""VF"",""90"",""180"",""M""]","[""subject_13""]","[""AS"",""CB"",""EF"",""ER"",""OR""]","[""N"",""90"",""180"",""M""]","[""F"",""N"",""S"",""VF"",""90"",""180"",""M""]","[""subject_1"",""subject_2"",""subject_3"",""subject_4"",""subject_5"",""subject_6"",""subject_7"",""subject_8"",""subject_9"",""subject_10"",""subject_11"",""subject_12""]","[""fc1"",""fc2_1"",""fc2_2"",""fc2_3""]","lopo","256","64","0.5","4","3","0.1","false","false","13","11.338747606421563","27.935259176015737","27.81005490866147","13.289571054025236","17.87706395585098","21.11956294090998","12.217782286925791","11.428469717997077","12.431052211801225","22.10005806523405","24.76536552376424","16.286632705477324","18.56719334242757","10.27448215550231","13.61140672076018","16.862312960709556","2.962697290570016","3.838970025737259","7.0586218185031955","6.842246375540468","5.251239100029536","5.381551085539985","3.553411362044391","3.8582546074492177"
"transformertsai_13.04","finished","-","","","2026-04-13T03:24:51.000Z","1088","c5z0ystu","16","0.5","64","3","false","by_var","StandardScaler","All_subjects_data.h5","/home/benedikt_nothhelfer/data_share/ULTra-MoCap/ULTra-MoCap-processed/","cuda","ultramocap_dataset.p","/home/benedikt_nothhelfer/data_share/ULTra-MoCap/","[""ACCX"",""ACCY"",""ACCZ"",""GYROX"",""GYROY"",""GYROZ""]","true","[""1"",""2"",""3"",""4"",""5"",""6""]","false","0.01","true","0.0001","false","[""subject_1"",""subject_2"",""subject_3"",""subject_4"",""subject_5"",""subject_6"",""subject_7"",""subject_8"",""subject_9"",""subject_10"",""subject_11"",""subject_12"",""subject_13""]","MSE","[1,1,1,1,1,1,1]","","","","bilstm","70","","5","true","Adam","1600","0.5","","","","","","","","","","","","","","","","","","","","","","false","/home/benedikt_nothhelfer/ba_upki_benedikt/projects/UpKi_BioMat_Ultra/results","false","fixedwindow","[""all""]","[""imu""]","[""baseline""]","[""ACCX"",""ACCY"",""ACCZ"",""GYROX"",""GYROY"",""GYROZ""]","[""arm_flex_r"",""arm_add_r"",""arm_rot_r"",""elbow_flex_r"",""pro_sup_r"",""wrist_flex_r"",""wrist_dev_r""]","[""arm_flex_r"",""arm_add_r"",""arm_rot_r"",""elbow_flex_r"",""pro_sup_r"",""wrist_flex_r"",""wrist_dev_r"",""arm_flex_l"",""arm_add_l"",""arm_rot_l"",""elbow_flex_l"",""pro_sup_l"",""wrist_flex_l"",""wrist_dev_l""]","[""1"",""2"",""3"",""4"",""5"",""6""]","[""AS"",""CB"",""EF"",""ER"",""OR""]","[""hand(1)"",""wrist(2)"",""Forearm(3)"",""Biceps(4)"",""Triceps(5)"",""Deltoid(6)""]","[""hand(1)"",""wrist(2)"",""Forearm(3)"",""Biceps(4)"",""Triceps(5)"",""Deltoid(6)""]","256","[""AS"",""CB"",""EF"",""ER"",""OR""]","[""N"",""90"",""180"",""M""]","[""F"",""N"",""S"",""VF"",""90"",""180"",""M""]","[""subject_13""]","[""AS"",""CB"",""EF"",""ER"",""OR""]","[""N"",""90"",""180"",""M""]","[""F"",""N"",""S"",""VF"",""90"",""180"",""M""]","[""subject_1"",""subject_2"",""subject_3"",""subject_4"",""subject_5"",""subject_6"",""subject_7"",""subject_8"",""subject_9"",""subject_10"",""subject_11"",""subject_12""]","[""fc1"",""fc2_1"",""fc2_2"",""fc2_3""]","lopo","128","64","0.5","4","2","0.1","false","false","13","13.65800859540613","27.729875603176765","25.72615043781166","9.64461147414473","16.347181335398428","17.170106607538422","9.805244858952824","10.69627177075849","11.595626240219527","21.880278721510532","25.019345204829825","14.86501449325634","17.860500994961733","9.60276477589291","13.639530958599153","16.351865912752857","2.670549411192144","2.951070149441112","6.62237794669107","6.643009473806636","5.57238866878071","4.851955520989195","2.374272352752871","4.280668069184019"
"transformertsai_13.04","finished","-","","","2026-04-13T02:49:47.000Z","2104","c5z0ystu","16","0.5","64","3","false","by_var","StandardScaler","All_subjects_data.h5","/home/benedikt_nothhelfer/data_share/ULTra-MoCap/ULTra-MoCap-processed/","cuda","ultramocap_dataset.p","/home/benedikt_nothhelfer/data_share/ULTra-MoCap/","[""ACCX"",""ACCY"",""ACCZ"",""GYROX"",""GYROY"",""GYROZ""]","true","[""1"",""2"",""3"",""4"",""5"",""6""]","false","0.001","true","0.00001","false","[""subject_1"",""subject_2"",""subject_3"",""subject_4"",""subject_5"",""subject_6"",""subject_7"",""subject_8"",""subject_9"",""subject_10"",""subject_11"",""subject_12"",""subject_13""]","MSE","[1,1,1,1,1,1,1]","","","","bilstm","100","","5","true","Adam","1600","0.5","","","","","","","","","","","","","","","","","","","","","","false","/home/benedikt_nothhelfer/ba_upki_benedikt/projects/UpKi_BioMat_Ultra/results","false","fixedwindow","[""all""]","[""imu""]","[""baseline""]","[""ACCX"",""ACCY"",""ACCZ"",""GYROX"",""GYROY"",""GYROZ""]","[""arm_flex_r"",""arm_add_r"",""arm_rot_r"",""elbow_flex_r"",""pro_sup_r"",""wrist_flex_r"",""wrist_dev_r""]","[""arm_flex_r"",""arm_add_r"",""arm_rot_r"",""elbow_flex_r"",""pro_sup_r"",""wrist_flex_r"",""wrist_dev_r"",""arm_flex_l"",""arm_add_l"",""arm_rot_l"",""elbow_flex_l"",""pro_sup_l"",""wrist_flex_l"",""wrist_dev_l""]","[""1"",""2"",""3"",""4"",""5"",""6""]","[""AS"",""CB"",""EF"",""ER"",""OR""]","[""hand(1)"",""wrist(2)"",""Forearm(3)"",""Biceps(4)"",""Triceps(5)"",""Deltoid(6)""]","[""hand(1)"",""wrist(2)"",""Forearm(3)"",""Biceps(4)"",""Triceps(5)"",""Deltoid(6)""]","256","[""AS"",""CB"",""EF"",""ER"",""OR""]","[""N"",""90"",""180"",""M""]","[""F"",""N"",""S"",""VF"",""90"",""180"",""M""]","[""subject_13""]","[""AS"",""CB"",""EF"",""ER"",""OR""]","[""N"",""90"",""180"",""M""]","[""F"",""N"",""S"",""VF"",""90"",""180"",""M""]","[""subject_1"",""subject_2"",""subject_3"",""subject_4"",""subject_5"",""subject_6"",""subject_7"",""subject_8"",""subject_9"",""subject_10"",""subject_11"",""subject_12""]","[""fc1"",""fc2_1"",""fc2_2"",""fc2_3""]","lopo","128","128","0.1","4","2","0.5","false","false","13","12.049545639151546","25.72711947633963","24.83045608586308","13.25488555438822","16.132748550430854","15.793237409992544","7.990897488547958","13.283098198732986","13.23851513096277","21.400129960331853","24.424596993677717","18.720474106629688","21.12746245425653","9.32221625736302","13.231989085378444","17.352197712657148","3.107483065298803","3.15818211243493","5.829692736870638","5.718703604873583","6.381584887962365","8.558023507932798","3.138663817760903","3.578405243966575"
"transformertsai_13.04","finished","-","","","2026-04-13T02:31:20.000Z","1105","c5z0ystu","16","0.5","64","3","false","by_var","StandardScaler","All_subjects_data.h5","/home/benedikt_nothhelfer/data_share/ULTra-MoCap/ULTra-MoCap-processed/","cuda","ultramocap_dataset.p","/home/benedikt_nothhelfer/data_share/ULTra-MoCap/","[""ACCX"",""ACCY"",""ACCZ"",""GYROX"",""GYROY"",""GYROZ""]","true","[""1"",""2"",""3"",""4"",""5"",""6""]","false","0.01","true","0.00001","false","[""subject_1"",""subject_2"",""subject_3"",""subject_4"",""subject_5"",""subject_6"",""subject_7"",""subject_8"",""subject_9"",""subject_10"",""subject_11"",""subject_12"",""subject_13""]","MSE","[1,1,1,1,1,1,1]","","","","bilstm","50","","5","true","Adam","1600","0.5","","","","","","","","","","","","","","","","","","","","","","false","/home/benedikt_nothhelfer/ba_upki_benedikt/projects/UpKi_BioMat_Ultra/results","false","fixedwindow","[""all""]","[""imu""]","[""baseline""]","[""ACCX"",""ACCY"",""ACCZ"",""GYROX"",""GYROY"",""GYROZ""]","[""arm_flex_r"",""arm_add_r"",""arm_rot_r"",""elbow_flex_r"",""pro_sup_r"",""wrist_flex_r"",""wrist_dev_r""]","[""arm_flex_r"",""arm_add_r"",""arm_rot_r"",""elbow_flex_r"",""pro_sup_r"",""wrist_flex_r"",""wrist_dev_r"",""arm_flex_l"",""arm_add_l"",""arm_rot_l"",""elbow_flex_l"",""pro_sup_l"",""wrist_flex_l"",""wrist_dev_l""]","[""1"",""2"",""3"",""4"",""5"",""6""]","[""AS"",""CB"",""EF"",""ER"",""OR""]","[""hand(1)"",""wrist(2)"",""Forearm(3)"",""Biceps(4)"",""Triceps(5)"",""Deltoid(6)""]","[""hand(1)"",""wrist(2)"",""Forearm(3)"",""Biceps(4)"",""Triceps(5)"",""Deltoid(6)""]","256","[""AS"",""CB"",""EF"",""ER"",""OR""]","[""N"",""90"",""180"",""M""]","[""F"",""N"",""S"",""VF"",""90"",""180"",""M""]","[""subject_13""]","[""AS"",""CB"",""EF"",""ER"",""OR""]","[""N"",""90"",""180"",""M""]","[""F"",""N"",""S"",""VF"",""90"",""180"",""M""]","[""subject_1"",""subject_2"",""subject_3"",""subject_4"",""subject_5"",""subject_6"",""subject_7"",""subject_8"",""subject_9"",""subject_10"",""subject_11"",""subject_12""]","[""fc1"",""fc2_1"",""fc2_2"",""fc2_3""]","lopo","256","128","0.5","4","2","0.5","false","false","13","17.78396226985072","29.567170391710864","25.523265284659317","19.711845462817944","18.422884368729537","18.295511100740782","10.068276102358396","8.010159968968736","14.825586150631542","21.963744053848583","23.052527725915283","23.61572304175001","20.58374762110412","8.367869469703344","12.096812021940169","17.786572869270437","3.0280051976953817","2.341136870798139","5.084902802597862","5.329523365965316","6.395641912072804","8.00092031580906","3.802108058733423","4.392759161173863"
"transformertsai_13.04","finished","-","","","2026-04-13T01:56:26.000Z","2090","c5z0ystu","8","0.5","64","3","false","by_var","StandardScaler","All_subjects_data.h5","/home/benedikt_nothhelfer/data_share/ULTra-MoCap/ULTra-MoCap-processed/","cuda","ultramocap_dataset.p","/home/benedikt_nothhelfer/data_share/ULTra-MoCap/","[""ACCX"",""ACCY"",""ACCZ"",""GYROX"",""GYROY"",""GYROZ""]","true","[""1"",""2"",""3"",""4"",""5"",""6""]","false","0.0001","true","0.00001","false","[""subject_1"",""subject_2"",""subject_3"",""subject_4"",""subject_5"",""subject_6"",""subject_7"",""subject_8"",""subject_9"",""subject_10"",""subject_11"",""subject_12"",""subject_13""]","MSE","[1,1,1,1,1,1,1]","","","","bilstm","70","","5","true","Adam","1600","0.5","","","","","","","","","","","","","","","","","","","","","","false","/home/benedikt_nothhelfer/ba_upki_benedikt/projects/UpKi_BioMat_Ultra/results","false","fixedwindow","[""all""]","[""imu""]","[""baseline""]","[""ACCX"",""ACCY"",""ACCZ"",""GYROX"",""GYROY"",""GYROZ""]","[""arm_flex_r"",""arm_add_r"",""arm_rot_r"",""elbow_flex_r"",""pro_sup_r"",""wrist_flex_r"",""wrist_dev_r""]","[""arm_flex_r"",""arm_add_r"",""arm_rot_r"",""elbow_flex_r"",""pro_sup_r"",""wrist_flex_r"",""wrist_dev_r"",""arm_flex_l"",""arm_add_l"",""arm_rot_l"",""elbow_flex_l"",""pro_sup_l"",""wrist_flex_l"",""wrist_dev_l""]","[""1"",""2"",""3"",""4"",""5"",""6""]","[""AS"",""CB"",""EF"",""ER"",""OR""]","[""hand(1)"",""wrist(2)"",""Forearm(3)"",""Biceps(4)"",""Triceps(5)"",""Deltoid(6)""]","[""hand(1)"",""wrist(2)"",""Forearm(3)"",""Biceps(4)"",""Triceps(5)"",""Deltoid(6)""]","256","[""AS"",""CB"",""EF"",""ER"",""OR""]","[""N"",""90"",""180"",""M""]","[""F"",""N"",""S"",""VF"",""90"",""180"",""M""]","[""subject_13""]","[""AS"",""CB"",""EF"",""ER"",""OR""]","[""N"",""90"",""180"",""M""]","[""F"",""N"",""S"",""VF"",""90"",""180"",""M""]","[""subject_1"",""subject_2"",""subject_3"",""subject_4"",""subject_5"",""subject_6"",""subject_7"",""subject_8"",""subject_9"",""subject_10"",""subject_11"",""subject_12""]","[""fc1"",""fc2_1"",""fc2_2"",""fc2_3""]","lopo","256","64","0.1","4","2","0.3","false","false","13","12.942097477378402","32.472701628135624","30.736994892351323","15.99509230336765","19.121778690490345","20.399863722684348","10.2923610963446","11.013339713170458","13.397890491286262","21.12621409416296","22.853314042246595","18.301252436004468","20.140724562991224","8.971693239285106","12.855277080565118","16.806623706648818","2.8152587219586835","2.2055523097506673","5.967383230932884","6.60290034865729","5.694934450599895","7.149349519485052","3.073943253864364","4.182355480459152"
"transformertsai_13.04","finished","-","","","2026-04-13T01:07:21.000Z","2941","c5z0ystu","8","0.5","64","3","false","by_var","StandardScaler","All_subjects_data.h5","/home/benedikt_nothhelfer/data_share/ULTra-MoCap/ULTra-MoCap-processed/","cuda","ultramocap_dataset.p","/home/benedikt_nothhelfer/data_share/ULTra-MoCap/","[""ACCX"",""ACCY"",""ACCZ"",""GYROX"",""GYROY"",""GYROZ""]","true","[""1"",""2"",""3"",""4"",""5"",""6""]","false","0.001","true","0.00001","false","[""subject_1"",""subject_2"",""subject_3"",""subject_4"",""subject_5"",""subject_6"",""subject_7"",""subject_8"",""subject_9"",""subject_10"",""subject_11"",""subject_12"",""subject_13""]","MSE","[1,1,1,1,1,1,1]","","","","bilstm","70","","5","true","Adam","1600","0.5","","","","","","","","","","","","","","","","","","","","","","false","/home/benedikt_nothhelfer/ba_upki_benedikt/projects/UpKi_BioMat_Ultra/results","false","fixedwindow","[""all""]","[""imu""]","[""baseline""]","[""ACCX"",""ACCY"",""ACCZ"",""GYROX"",""GYROY"",""GYROZ""]","[""arm_flex_r"",""arm_add_r"",""arm_rot_r"",""elbow_flex_r"",""pro_sup_r"",""wrist_flex_r"",""wrist_dev_r""]","[""arm_flex_r"",""arm_add_r"",""arm_rot_r"",""elbow_flex_r"",""pro_sup_r"",""wrist_flex_r"",""wrist_dev_r"",""arm_flex_l"",""arm_add_l"",""arm_rot_l"",""elbow_flex_l"",""pro_sup_l"",""wrist_flex_l"",""wrist_dev_l""]","[""1"",""2"",""3"",""4"",""5"",""6""]","[""AS"",""CB"",""EF"",""ER"",""OR""]","[""hand(1)"",""wrist(2)"",""Forearm(3)"",""Biceps(4)"",""Triceps(5)"",""Deltoid(6)""]","[""hand(1)"",""wrist(2)"",""Forearm(3)"",""Biceps(4)"",""Triceps(5)"",""Deltoid(6)""]","256","[""AS"",""CB"",""EF"",""ER"",""OR""]","[""N"",""90"",""180"",""M""]","[""F"",""N"",""S"",""VF"",""90"",""180"",""M""]","[""subject_13""]","[""AS"",""CB"",""EF"",""ER"",""OR""]","[""N"",""90"",""180"",""M""]","[""F"",""N"",""S"",""VF"",""90"",""180"",""M""]","[""subject_1"",""subject_2"",""subject_3"",""subject_4"",""subject_5"",""subject_6"",""subject_7"",""subject_8"",""subject_9"",""subject_10"",""subject_11"",""subject_12""]","[""fc1"",""fc2_1"",""fc2_2"",""fc2_3""]","lopo","256","128","0.3","8","2","0.1","false","false","13","11.111552327645873","24.820367861235557","26.565997807689616","13.818566071938506","17.131471263217787","23.675387600955673","8.523375936638796","11.405051236420483","11.315962966618573","21.241361353621052","26.25867716563774","16.137009103363717","18.911050305001417","9.421867074140296","14.242954718449496","16.789840383833184","2.441433105495126","3.035918285118231","6.124274542600207","6.083720001000479","5.008813033781819","6.287490851355833","2.8598832428985963","4.702284302871922"
"transformertsai_13.04","finished","-","","","2026-04-13T00:45:44.000Z","1295","c5z0ystu","16","0.5","64","3","false","by_var","StandardScaler","All_subjects_data.h5","/home/benedikt_nothhelfer/data_share/ULTra-MoCap/ULTra-MoCap-processed/","cuda","ultramocap_dataset.p","/home/benedikt_nothhelfer/data_share/ULTra-MoCap/","[""ACCX"",""ACCY"",""ACCZ"",""GYROX"",""GYROY"",""GYROZ""]","true","[""1"",""2"",""3"",""4"",""5"",""6""]","false","0.0001","true","0.0001","false","[""subject_1"",""subject_2"",""subject_3"",""subject_4"",""subject_5"",""subject_6"",""subject_7"",""subject_8"",""subject_9"",""subject_10"",""subject_11"",""subject_12"",""subject_13""]","MSE","[1,1,1,1,1,1,1]","","","","bilstm","70","","5","true","Adam","1600","0.5","","","","","","","","","","","","","","","","","","","","","","false","/home/benedikt_nothhelfer/ba_upki_benedikt/projects/UpKi_BioMat_Ultra/results","false","fixedwindow","[""all""]","[""imu""]","[""baseline""]","[""ACCX"",""ACCY"",""ACCZ"",""GYROX"",""GYROY"",""GYROZ""]","[""arm_flex_r"",""arm_add_r"",""arm_rot_r"",""elbow_flex_r"",""pro_sup_r"",""wrist_flex_r"",""wrist_dev_r""]","[""arm_flex_r"",""arm_add_r"",""arm_rot_r"",""elbow_flex_r"",""pro_sup_r"",""wrist_flex_r"",""wrist_dev_r"",""arm_flex_l"",""arm_add_l"",""arm_rot_l"",""elbow_flex_l"",""pro_sup_l"",""wrist_flex_l"",""wrist_dev_l""]","[""1"",""2"",""3"",""4"",""5"",""6""]","[""AS"",""CB"",""EF"",""ER"",""OR""]","[""hand(1)"",""wrist(2)"",""Forearm(3)"",""Biceps(4)"",""Triceps(5)"",""Deltoid(6)""]","[""hand(1)"",""wrist(2)"",""Forearm(3)"",""Biceps(4)"",""Triceps(5)"",""Deltoid(6)""]","256","[""AS"",""CB"",""EF"",""ER"",""OR""]","[""N"",""90"",""180"",""M""]","[""F"",""N"",""S"",""VF"",""90"",""180"",""M""]","[""subject_13""]","[""AS"",""CB"",""EF"",""ER"",""OR""]","[""N"",""90"",""180"",""M""]","[""F"",""N"",""S"",""VF"",""90"",""180"",""M""]","[""subject_1"",""subject_2"",""subject_3"",""subject_4"",""subject_5"",""subject_6"",""subject_7"",""subject_8"",""subject_9"",""subject_10"",""subject_11"",""subject_12""]","[""fc1"",""fc2_1"",""fc2_2"",""fc2_3""]","lopo","128","64","0.5","8","3","0.5","false","false","13","15.529947020574008","25.094842067018543","25.098896101514583","12.122703232330148","17.181027658496895","16.469567328783818","11.068415471955465","14.882822387301696","13.781363809396272","23.314670109721337","26.85933787262742","17.524665451356697","18.958277334055108","10.30491093881984","14.155245482990786","17.842638714138207","2.8834991488598116","3.614574657545207","6.255316070681663","8.32491285283832","6.250304389736922","6.065733770748044","4.093546455733854","3.471494492203186"
"transformertsai_13.04","finished","-","","","2026-04-12T23:39:22.000Z","3981","c5z0ystu","8","0.5","64","3","false","by_var","StandardScaler","All_subjects_data.h5","/home/benedikt_nothhelfer/data_share/ULTra-MoCap/ULTra-MoCap-processed/","cuda","ultramocap_dataset.p","/home/benedikt_nothhelfer/data_share/ULTra-MoCap/","[""ACCX"",""ACCY"",""ACCZ"",""GYROX"",""GYROY"",""GYROZ""]","true","[""1"",""2"",""3"",""4"",""5"",""6""]","false","0.01","true","0.00001","false","[""subject_1"",""subject_2"",""subject_3"",""subject_4"",""subject_5"",""subject_6"",""subject_7"",""subject_8"",""subject_9"",""subject_10"",""subject_11"",""subject_12"",""subject_13""]","MSE","[1,1,1,1,1,1,1]","","","","bilstm","70","","5","true","Adam","1600","0.5","","","","","","","","","","","","","","","","","","","","","","false","/home/benedikt_nothhelfer/ba_upki_benedikt/projects/UpKi_BioMat_Ultra/results","false","fixedwindow","[""all""]","[""imu""]","[""baseline""]","[""ACCX"",""ACCY"",""ACCZ"",""GYROX"",""GYROY"",""GYROZ""]","[""arm_flex_r"",""arm_add_r"",""arm_rot_r"",""elbow_flex_r"",""pro_sup_r"",""wrist_flex_r"",""wrist_dev_r""]","[""arm_flex_r"",""arm_add_r"",""arm_rot_r"",""elbow_flex_r"",""pro_sup_r"",""wrist_flex_r"",""wrist_dev_r"",""arm_flex_l"",""arm_add_l"",""arm_rot_l"",""elbow_flex_l"",""pro_sup_l"",""wrist_flex_l"",""wrist_dev_l""]","[""1"",""2"",""3"",""4"",""5"",""6""]","[""AS"",""CB"",""EF"",""ER"",""OR""]","[""hand(1)"",""wrist(2)"",""Forearm(3)"",""Biceps(4)"",""Triceps(5)"",""Deltoid(6)""]","[""hand(1)"",""wrist(2)"",""Forearm(3)"",""Biceps(4)"",""Triceps(5)"",""Deltoid(6)""]","256","[""AS"",""CB"",""EF"",""ER"",""OR""]","[""N"",""90"",""180"",""M""]","[""F"",""N"",""S"",""VF"",""90"",""180"",""M""]","[""subject_13""]","[""AS"",""CB"",""EF"",""ER"",""OR""]","[""N"",""90"",""180"",""M""]","[""F"",""N"",""S"",""VF"",""90"",""180"",""M""]","[""subject_1"",""subject_2"",""subject_3"",""subject_4"",""subject_5"",""subject_6"",""subject_7"",""subject_8"",""subject_9"",""subject_10"",""subject_11"",""subject_12""]","[""fc1"",""fc2_1"",""fc2_2"",""fc2_3""]","lopo","256","128","0.3","4","3","0.3","false","false","13","10.98419090196479","25.265748968889532","27.165636944521975","13.69389754671649","16.78566733004349","18.583241929770857","6.910549279701977","14.896405738738832","12.47225971257484","22.320139360959868","26.38320168757414","17.272217449430073","19.208892337588363","9.082346953623132","13.9302892348768","17.23847810523246","2.1798241980142614","2.3993828970672677","5.593575668250225","6.261846046480709","5.2739629596182365","5.904021589036506","2.661705944278571","3.858503118445881"
"transformertsai_13.04","finished","-","","","2026-04-12T22:23:34.000Z","4544","c5z0ystu","8","0.5","64","3","false","by_var","StandardScaler","All_subjects_data.h5","/home/benedikt_nothhelfer/data_share/ULTra-MoCap/ULTra-MoCap-processed/","cuda","ultramocap_dataset.p","/home/benedikt_nothhelfer/data_share/ULTra-MoCap/","[""ACCX"",""ACCY"",""ACCZ"",""GYROX"",""GYROY"",""GYROZ""]","true","[""1"",""2"",""3"",""4"",""5"",""6""]","false","0.001","true","0.0001","false","[""subject_1"",""subject_2"",""subject_3"",""subject_4"",""subject_5"",""subject_6"",""subject_7"",""subject_8"",""subject_9"",""subject_10"",""subject_11"",""subject_12"",""subject_13""]","MSE","[1,1,1,1,1,1,1]","","","","bilstm","70","","5","true","Adam","1600","0.5","","","","","","","","","","","","","","","","","","","","","","false","/home/benedikt_nothhelfer/ba_upki_benedikt/projects/UpKi_BioMat_Ultra/results","false","fixedwindow","[""all""]","[""imu""]","[""baseline""]","[""ACCX"",""ACCY"",""ACCZ"",""GYROX"",""GYROY"",""GYROZ""]","[""arm_flex_r"",""arm_add_r"",""arm_rot_r"",""elbow_flex_r"",""pro_sup_r"",""wrist_flex_r"",""wrist_dev_r""]","[""arm_flex_r"",""arm_add_r"",""arm_rot_r"",""elbow_flex_r"",""pro_sup_r"",""wrist_flex_r"",""wrist_dev_r"",""arm_flex_l"",""arm_add_l"",""arm_rot_l"",""elbow_flex_l"",""pro_sup_l"",""wrist_flex_l"",""wrist_dev_l""]","[""1"",""2"",""3"",""4"",""5"",""6""]","[""AS"",""CB"",""EF"",""ER"",""OR""]","[""hand(1)"",""wrist(2)"",""Forearm(3)"",""Biceps(4)"",""Triceps(5)"",""Deltoid(6)""]","[""hand(1)"",""wrist(2)"",""Forearm(3)"",""Biceps(4)"",""Triceps(5)"",""Deltoid(6)""]","256","[""AS"",""CB"",""EF"",""ER"",""OR""]","[""N"",""90"",""180"",""M""]","[""F"",""N"",""S"",""VF"",""90"",""180"",""M""]","[""subject_13""]","[""AS"",""CB"",""EF"",""ER"",""OR""]","[""N"",""90"",""180"",""M""]","[""F"",""N"",""S"",""VF"",""90"",""180"",""M""]","[""subject_1"",""subject_2"",""subject_3"",""subject_4"",""subject_5"",""subject_6"",""subject_7"",""subject_8"",""subject_9"",""subject_10"",""subject_11"",""subject_12""]","[""fc1"",""fc2_1"",""fc2_2"",""fc2_3""]","lopo","256","128","0.1","8","3","0.3","false","false","13","11.55582356964649","27.60209841054394","23.131679156256077","12.0318304416237","15.976919744189477","18.502006505918004","8.56153073280306","10.453469392535064","12.046669966214925","21.430837170358178","24.039673434673425","14.925472660892051","17.76994895982106","9.319855342632756","13.234991745808795","16.10963561148588","2.8880693144395218","3.753269352942717","6.648906213900804","7.360508732677112","4.6744664023339535","6.191992786234093","3.357189639924099","3.967751559781758"
"transformertsai_12.04","finished","-","","","2026-04-12T21:31:08.000Z","3140","c5z0ystu","8","0.5","64","3","false","by_var","StandardScaler","All_subjects_data.h5","/home/benedikt_nothhelfer/data_share/ULTra-MoCap/ULTra-MoCap-processed/","cuda","ultramocap_dataset.p","/home/benedikt_nothhelfer/data_share/ULTra-MoCap/","[""ACCX"",""ACCY"",""ACCZ"",""GYROX"",""GYROY"",""GYROZ""]","true","[""1"",""2"",""3"",""4"",""5"",""6""]","false","0.01","true","0.00001","false","[""subject_1"",""subject_2"",""subject_3"",""subject_4"",""subject_5"",""subject_6"",""subject_7"",""subject_8"",""subject_9"",""subject_10"",""subject_11"",""subject_12"",""subject_13""]","MSE","[1,1,1,1,1,1,1]","","","","bilstm","70","","5","true","Adam","1600","0.5","","","","","","","","","","","","","","","","","","","","","","false","/home/benedikt_nothhelfer/ba_upki_benedikt/projects/UpKi_BioMat_Ultra/results","false","fixedwindow","[""all""]","[""imu""]","[""baseline""]","[""ACCX"",""ACCY"",""ACCZ"",""GYROX"",""GYROY"",""GYROZ""]","[""arm_flex_r"",""arm_add_r"",""arm_rot_r"",""elbow_flex_r"",""pro_sup_r"",""wrist_flex_r"",""wrist_dev_r""]","[""arm_flex_r"",""arm_add_r"",""arm_rot_r"",""elbow_flex_r"",""pro_sup_r"",""wrist_flex_r"",""wrist_dev_r"",""arm_flex_l"",""arm_add_l"",""arm_rot_l"",""elbow_flex_l"",""pro_sup_l"",""wrist_flex_l"",""wrist_dev_l""]","[""1"",""2"",""3"",""4"",""5"",""6""]","[""AS"",""CB"",""EF"",""ER"",""OR""]","[""hand(1)"",""wrist(2)"",""Forearm(3)"",""Biceps(4)"",""Triceps(5)"",""Deltoid(6)""]","[""hand(1)"",""wrist(2)"",""Forearm(3)"",""Biceps(4)"",""Triceps(5)"",""Deltoid(6)""]","256","[""AS"",""CB"",""EF"",""ER"",""OR""]","[""N"",""90"",""180"",""M""]","[""F"",""N"",""S"",""VF"",""90"",""180"",""M""]","[""subject_13""]","[""AS"",""CB"",""EF"",""ER"",""OR""]","[""N"",""90"",""180"",""M""]","[""F"",""N"",""S"",""VF"",""90"",""180"",""M""]","[""subject_1"",""subject_2"",""subject_3"",""subject_4"",""subject_5"",""subject_6"",""subject_7"",""subject_8"",""subject_9"",""subject_10"",""subject_11"",""subject_12""]","[""fc1"",""fc2_1"",""fc2_2"",""fc2_3""]","lopo","256","64","0.3","8","2","0.5","false","false","13","15.75502575268393","31.302570800394925","28.537194614018677","18.213121032877375","18.496084359748824","18.159207286305534","9.89154543090472","7.613925601056603","14.445921279438416","21.556138590493525","22.41841830048726","21.00067822105282","19.986045941280864","8.530642221285374","12.10351077561563","17.14876504709341","3.187912284958328","2.1329024427422225","5.701146740886598","6.549995950472625","6.242217948648772","7.932238008454104","3.5576262634644142","4.478017136784061"
"transformertsai_12.04","finished","-","","","2026-04-12T20:21:17.000Z","4186","c5z0ystu","8","0.5","64","3","false","by_var","StandardScaler","All_subjects_data.h5","/home/benedikt_nothhelfer/data_share/ULTra-MoCap/ULTra-MoCap-processed/","cuda","ultramocap_dataset.p","/home/benedikt_nothhelfer/data_share/ULTra-MoCap/","[""ACCX"",""ACCY"",""ACCZ"",""GYROX"",""GYROY"",""GYROZ""]","true","[""1"",""2"",""3"",""4"",""5"",""6""]","false","0.01","true","0.0001","false","[""subject_1"",""subject_2"",""subject_3"",""subject_4"",""subject_5"",""subject_6"",""subject_7"",""subject_8"",""subject_9"",""subject_10"",""subject_11"",""subject_12"",""subject_13""]","MSE","[1,1,1,1,1,1,1]","","","","bilstm","50","","5","true","Adam","1600","0.5","","","","","","","","","","","","","","","","","","","","","","false","/home/benedikt_nothhelfer/ba_upki_benedikt/projects/UpKi_BioMat_Ultra/results","false","fixedwindow","[""all""]","[""imu""]","[""baseline""]","[""ACCX"",""ACCY"",""ACCZ"",""GYROX"",""GYROY"",""GYROZ""]","[""arm_flex_r"",""arm_add_r"",""arm_rot_r"",""elbow_flex_r"",""pro_sup_r"",""wrist_flex_r"",""wrist_dev_r""]","[""arm_flex_r"",""arm_add_r"",""arm_rot_r"",""elbow_flex_r"",""pro_sup_r"",""wrist_flex_r"",""wrist_dev_r"",""arm_flex_l"",""arm_add_l"",""arm_rot_l"",""elbow_flex_l"",""pro_sup_l"",""wrist_flex_l"",""wrist_dev_l""]","[""1"",""2"",""3"",""4"",""5"",""6""]","[""AS"",""CB"",""EF"",""ER"",""OR""]","[""hand(1)"",""wrist(2)"",""Forearm(3)"",""Biceps(4)"",""Triceps(5)"",""Deltoid(6)""]","[""hand(1)"",""wrist(2)"",""Forearm(3)"",""Biceps(4)"",""Triceps(5)"",""Deltoid(6)""]","256","[""AS"",""CB"",""EF"",""ER"",""OR""]","[""N"",""90"",""180"",""M""]","[""F"",""N"",""S"",""VF"",""90"",""180"",""M""]","[""subject_13""]","[""AS"",""CB"",""EF"",""ER"",""OR""]","[""N"",""90"",""180"",""M""]","[""F"",""N"",""S"",""VF"",""90"",""180"",""M""]","[""subject_1"",""subject_2"",""subject_3"",""subject_4"",""subject_5"",""subject_6"",""subject_7"",""subject_8"",""subject_9"",""subject_10"",""subject_11"",""subject_12""]","[""fc1"",""fc2_1"",""fc2_2"",""fc2_3""]","lopo","256","128","0.5","8","2","0.3","false","false","13","13.10930815367544","25.303992230950954","27.518240585075848","13.68437393832011","16.141204659419127","13.042948220127112","8.570446127428372","11.75912336035606","12.266274980729964","21.574214224240208","25.743660795471893","16.079342472864237","18.998368925652468","9.42399601979278","13.816863982527297","16.843245914468408","3.0458628818351037","3.646411464754996","6.666432383337056","8.79264738510323","5.177775505547956","6.82468598493129","2.9790203974618894","4.1609516556321635"
"transformertsai_12.04","finished","-","","","2026-04-12T18:46:28.000Z","5684","c5z0ystu","8","0.5","64","3","false","by_var","StandardScaler","All_subjects_data.h5","/home/benedikt_nothhelfer/data_share/ULTra-MoCap/ULTra-MoCap-processed/","cuda","ultramocap_dataset.p","/home/benedikt_nothhelfer/data_share/ULTra-MoCap/","[""ACCX"",""ACCY"",""ACCZ"",""GYROX"",""GYROY"",""GYROZ""]","true","[""1"",""2"",""3"",""4"",""5"",""6""]","false","0.0001","true","0.0001","false","[""subject_1"",""subject_2"",""subject_3"",""subject_4"",""subject_5"",""subject_6"",""subject_7"",""subject_8"",""subject_9"",""subject_10"",""subject_11"",""subject_12"",""subject_13""]","MSE","[1,1,1,1,1,1,1]","","","","bilstm","100","","5","true","Adam","1600","0.5","","","","","","","","","","","","","","","","","","","","","","false","/home/benedikt_nothhelfer/ba_upki_benedikt/projects/UpKi_BioMat_Ultra/results","false","fixedwindow","[""all""]","[""imu""]","[""baseline""]","[""ACCX"",""ACCY"",""ACCZ"",""GYROX"",""GYROY"",""GYROZ""]","[""arm_flex_r"",""arm_add_r"",""arm_rot_r"",""elbow_flex_r"",""pro_sup_r"",""wrist_flex_r"",""wrist_dev_r""]","[""arm_flex_r"",""arm_add_r"",""arm_rot_r"",""elbow_flex_r"",""pro_sup_r"",""wrist_flex_r"",""wrist_dev_r"",""arm_flex_l"",""arm_add_l"",""arm_rot_l"",""elbow_flex_l"",""pro_sup_l"",""wrist_flex_l"",""wrist_dev_l""]","[""1"",""2"",""3"",""4"",""5"",""6""]","[""AS"",""CB"",""EF"",""ER"",""OR""]","[""hand(1)"",""wrist(2)"",""Forearm(3)"",""Biceps(4)"",""Triceps(5)"",""Deltoid(6)""]","[""hand(1)"",""wrist(2)"",""Forearm(3)"",""Biceps(4)"",""Triceps(5)"",""Deltoid(6)""]","256","[""AS"",""CB"",""EF"",""ER"",""OR""]","[""N"",""90"",""180"",""M""]","[""F"",""N"",""S"",""VF"",""90"",""180"",""M""]","[""subject_13""]","[""AS"",""CB"",""EF"",""ER"",""OR""]","[""N"",""90"",""180"",""M""]","[""F"",""N"",""S"",""VF"",""90"",""180"",""M""]","[""subject_1"",""subject_2"",""subject_3"",""subject_4"",""subject_5"",""subject_6"",""subject_7"",""subject_8"",""subject_9"",""subject_10"",""subject_11"",""subject_12""]","[""fc1"",""fc2_1"",""fc2_2"",""fc2_3""]","lopo","256","128","0.5","8","3","0.1","false","false","13","13.0466249944921","31.82913309448869","25.851320162043255","14.549203345642274","17.362173722795923","19.047654102339504","6.671381812320982","10.539898548244654","11.766090322440602","21.507683384594586","24.19637840580844","14.263035922790552","16.629944295287086","9.205803621577797","12.743054454408396","15.758855772415352","2.646615000918042","3.703291549502545","6.313256656974003","7.59115903517001","4.564932714628368","4.478361323719241","3.4274547916998426","4.004340499071338"
"transformertsai_12.04","finished","-","","","2026-04-12T18:26:48.000Z","1177","c5z0ystu","16","0.5","64","3","false","by_var","StandardScaler","All_subjects_data.h5","/home/benedikt_nothhelfer/data_share/ULTra-MoCap/ULTra-MoCap-processed/","cuda","ultramocap_dataset.p","/home/benedikt_nothhelfer/data_share/ULTra-MoCap/","[""ACCX"",""ACCY"",""ACCZ"",""GYROX"",""GYROY"",""GYROZ""]","true","[""1"",""2"",""3"",""4"",""5"",""6""]","false","0.01","true","0.0001","false","[""subject_1"",""subject_2"",""subject_3"",""subject_4"",""subject_5"",""subject_6"",""subject_7"",""subject_8"",""subject_9"",""subject_10"",""subject_11"",""subject_12"",""subject_13""]","MSE","[1,1,1,1,1,1,1]","","","","bilstm","70","","5","true","Adam","1600","0.5","","","","","","","","","","","","","","","","","","","","","","false","/home/benedikt_nothhelfer/ba_upki_benedikt/projects/UpKi_BioMat_Ultra/results","false","fixedwindow","[""all""]","[""imu""]","[""baseline""]","[""ACCX"",""ACCY"",""ACCZ"",""GYROX"",""GYROY"",""GYROZ""]","[""arm_flex_r"",""arm_add_r"",""arm_rot_r"",""elbow_flex_r"",""pro_sup_r"",""wrist_flex_r"",""wrist_dev_r""]","[""arm_flex_r"",""arm_add_r"",""arm_rot_r"",""elbow_flex_r"",""pro_sup_r"",""wrist_flex_r"",""wrist_dev_r"",""arm_flex_l"",""arm_add_l"",""arm_rot_l"",""elbow_flex_l"",""pro_sup_l"",""wrist_flex_l"",""wrist_dev_l""]","[""1"",""2"",""3"",""4"",""5"",""6""]","[""AS"",""CB"",""EF"",""ER"",""OR""]","[""hand(1)"",""wrist(2)"",""Forearm(3)"",""Biceps(4)"",""Triceps(5)"",""Deltoid(6)""]","[""hand(1)"",""wrist(2)"",""Forearm(3)"",""Biceps(4)"",""Triceps(5)"",""Deltoid(6)""]","256","[""AS"",""CB"",""EF"",""ER"",""OR""]","[""N"",""90"",""180"",""M""]","[""F"",""N"",""S"",""VF"",""90"",""180"",""M""]","[""subject_13""]","[""AS"",""CB"",""EF"",""ER"",""OR""]","[""N"",""90"",""180"",""M""]","[""F"",""N"",""S"",""VF"",""90"",""180"",""M""]","[""subject_1"",""subject_2"",""subject_3"",""subject_4"",""subject_5"",""subject_6"",""subject_7"",""subject_8"",""subject_9"",""subject_10"",""subject_11"",""subject_12""]","[""fc1"",""fc2_1"",""fc2_2"",""fc2_3""]","lopo","256","64","0.5","4","2","0.3","false","false","13","11.340468624099977","24.969480776110316","28.80363482268985","17.620580490891278","18.3834824968883","24.346016826110244","9.778930509224828","11.825265429091605","12.939742467620498","20.521380167330044","25.77424470641388","17.86426289190708","20.751257488471513","10.277267638169867","14.08473951190734","17.4589849816886","3.0793311404384904","2.7426196647854075","5.935709871851166","8.393868524750475","5.503140499451606","7.504830212381118","3.2149791667420864","3.704314780575865"