"Name","lopo_RMSE_overall_mean","learning_rate","batch_size","n_epoch","l2_weight_decay","tsai_d_ff","tsai_d_model","tsai_fc_dropout_p","tsai_n_heads","tsai_n_layers","tsai_res_dropout_p","State","Notes","User","Tags","Created","Runtime","Sweep","DecoderLSTM_dropout_p","DecoderLSTM_hidden_size","DecoderLSTM_num_layers","EncoderCNN_conv_l1_dropout","EncoderCNN_conv_l1_out_channel","EncoderCNN_conv_l2_dropout","EncoderCNN_conv_l2_out_channel","activity_list","activity_list_csv","bilstm_dropout_p","bilstm_hidden_size","bilstm_num_layers","classification","data_transformer.data_transformer_by","data_transformer.data_transformer_method","dataset_name","dataset_path","device","dl_dataset","dl_dataset_path","imu_filter","individual_plot","l2_weight_decay_status","load_model","lopo_subjects","loss","loss_weight","method","metric.goal","metric.name","model_name","name","nfold","noraxon_feature_mapping.ACCX","noraxon_feature_mapping.ACCY","noraxon_feature_mapping.ACCZ","noraxon_feature_mapping.GYROX","noraxon_feature_mapping.GYROY","noraxon_feature_mapping.GYROZ","noraxon_sensor_mapping.LeftForearm","noraxon_sensor_mapping.LeftUpperArm","noraxon_sensor_mapping.RightForearm","noraxon_sensor_mapping.RightUpperArm","noraxon_sensor_mapping.UpperThoracic","opensim_filter","optimizer_name","output_size1","overlap","parameters.DecoderLSTM_dropout_p.distribution","parameters.DecoderLSTM_dropout_ps","parameters.DecoderLSTM_hidden_size.distribution","parameters.DecoderLSTM_hidden_sizes","parameters.DecoderLSTM_num_layers.distribution","parameters.DecoderLSTM_num_layerss","parameters.EncoderCNN_conv_l1_dropout.distribution","parameters.EncoderCNN_conv_l1_dropouts","parameters.EncoderCNN_conv_l1_out_channel.distribution","parameters.EncoderCNN_conv_l1_out_channels","parameters.EncoderCNN_conv_l2_dropout.distribution","parameters.EncoderCNN_conv_l2_dropouts","parameters.EncoderCNN_conv_l2_out_channel.distribution","parameters.EncoderCNN_conv_l2_out_channels","parameters.batch_size.distribution","parameters.batch_sizes","parameters.bilstm_dropout_p.distribution","parameters.bilstm_dropout_ps","parameters.bilstm_hidden_size.distribution","parameters.bilstm_hidden_sizes","parameters.bilstm_num_layers.distribution","parameters.bilstm_num_layerss","parameters.l2_weight_decay.distribution","parameters.l2_weight_decays","parameters.learning_rate.distribution","parameters.learning_rates","parameters.model_name.distribution","parameters.model_names","parameters.n_epoch.distribution","parameters.n_epochs","parameters.tsai_d_ff.distribution","parameters.tsai_d_ffs","parameters.tsai_d_model.distribution","parameters.tsai_d_models","parameters.tsai_fc_dropout_p.distribution","parameters.tsai_fc_dropout_ps","parameters.tsai_n_heads.distribution","parameters.tsai_n_headss","parameters.tsai_n_layers.distribution","parameters.tsai_n_layerss","parameters.tsai_res_dropout_p.distribution","parameters.tsai_res_dropout_ps","program","resample","results_path","save_model","segmentation_method","selected_activity_label","selected_imu_features","selected_opensim_labels","selected_sensors","selected_trial_type","target_padding_length","test_activity","test_subjects","train_activity","train_subjects","training_style","tuning","y_scaling","Train Loss","Validation Loss","epoch","fold","fold_RMSE_elbow_flexion_l","fold_RMSE_elbow_flexion_r","fold_RMSE_elv_angle_l","fold_RMSE_elv_angle_r","fold_RMSE_mean","fold_RMSE_pro_sup_l","fold_RMSE_pro_sup_r","fold_RMSE_shoulder_elv_l","fold_RMSE_shoulder_elv_r","fold_RMSE_shoulder_rot_l","fold_RMSE_shoulder_rot_r","lopo_RMSE_mean_elbow_flexion_l","lopo_RMSE_mean_elbow_flexion_r","lopo_RMSE_mean_elv_angle_l","lopo_RMSE_mean_elv_angle_r","lopo_RMSE_mean_pro_sup_l","lopo_RMSE_mean_pro_sup_r","lopo_RMSE_mean_shoulder_elv_l","lopo_RMSE_mean_shoulder_elv_r","lopo_RMSE_mean_shoulder_rot_l","lopo_RMSE_mean_shoulder_rot_r","lopo_RMSE_overall_std","lopo_RMSE_std_elbow_flexion_l","lopo_RMSE_std_elbow_flexion_r","lopo_RMSE_std_elv_angle_l","lopo_RMSE_std_elv_angle_r","lopo_RMSE_std_pro_sup_l","lopo_RMSE_std_pro_sup_r","lopo_RMSE_std_shoulder_elv_l","lopo_RMSE_std_shoulder_elv_r","lopo_RMSE_std_shoulder_rot_l","lopo_RMSE_std_shoulder_rot_r","n_test","n_train","val_MAE_elbow_flexion_l","val_MAE_elbow_flexion_r","val_MAE_elv_angle_l","val_MAE_elv_angle_r","val_MAE_mean","val_MAE_pro_sup_l","val_MAE_pro_sup_r","val_MAE_shoulder_elv_l","val_MAE_shoulder_elv_r","val_MAE_shoulder_rot_l","val_MAE_shoulder_rot_r","val_MAE_std","val_RMSE_elbow_flexion_l","val_RMSE_elbow_flexion_r","val_RMSE_elv_angle_l","val_RMSE_elv_angle_r","val_RMSE_mean","val_RMSE_pro_sup_l","val_RMSE_pro_sup_r","val_RMSE_shoulder_elv_l","val_RMSE_shoulder_elv_r","val_RMSE_shoulder_rot_l","val_RMSE_shoulder_rot_r","val_RMSE_std","val_nRMSE_elbow_flexion_l","val_nRMSE_elbow_flexion_r","val_nRMSE_elv_angle_l","val_nRMSE_elv_angle_r","val_nRMSE_mean","val_nRMSE_pro_sup_l","val_nRMSE_pro_sup_r","val_nRMSE_shoulder_elv_l","val_nRMSE_shoulder_elv_r","val_nRMSE_shoulder_rot_l","val_nRMSE_shoulder_rot_r","val_nRMSE_std","val_r_elbow_flexion_l","val_r_elbow_flexion_r","val_r_elv_angle_l","val_r_elv_angle_r","val_r_mean","val_r_pro_sup_l","val_r_pro_sup_r","val_r_shoulder_elv_l","val_r_shoulder_elv_r","val_r_shoulder_rot_l","val_r_shoulder_rot_r","val_r_std"
"transformertsai_12.04","12.398901603947342","0.001","32","70","0.001","128","128","0.5","8","4","0.5","finished","-","","","2026-04-11T23:27:07.000Z","1124","ak06vh9e","","","","","","","","[""picking_up_pen"",""shelve_ordering""]","[""picking_up_pen.csv"",""shelve_ordering.csv""]","0.5","64","3","false","by_var","StandardScaler","mosurf","/home/benedikt_nothhelfer/data_share/MoSurf_Daten/MoSurf_synangle/","cuda","mosurf_dataset.p","/home/benedikt_nothhelfer/data_share/MoSurf_Daten/","true","false","true","false","[""AMOAS01"",""AMOAS02"",""AMOAS03"",""AMOAS04"",""AMOAS05"",""AMOAS06"",""AMOAS07"",""AMOAS08"",""AMOAS09"",""AMOAS010"",""AMOAS011"",""AMOAS012"",""AMOAS013"",""AMOAS014"",""AMOAS015"",""AMOAS016"",""AMOAS017"",""AMOAS018"",""AMOAS019""]","MSE","[1,1,1,1,1,1,1,1,1,1]","","","","transformertsai","","5","Accel X","Accel Y","Accel Z","Gyro X","Gyro Y","Gyro Z","Noraxon MyoMotion Raw.Left Forearm","Noraxon MyoMotion Raw.Left Upper Arm","Noraxon MyoMotion Raw.Right Forearm","Noraxon MyoMotion Raw.Right Upper Arm","Noraxon MyoMotion Raw.Upper Thoracic","true","Adam","1600","0.5","","","","","","","","","","","","","","","","","","","","","","","","","","","","","","","","","","","","","","","","","","","","false","/home/benedikt_nothhelfer/ba_upki_benedikt/projects/UpKi_BioMat_Surf/results","false","fixedwindow","[""all""]","[""ACCX"",""ACCY"",""ACCZ"",""GYROX"",""GYROY"",""GYROZ""]","[""shoulder_elv_r"",""shoulder_rot_r"",""elv_angle_r"",""elbow_flexion_r"",""pro_sup_r"",""shoulder_elv_l"",""shoulder_rot_l"",""elv_angle_l"",""elbow_flexion_l"",""pro_sup_l""]","[""UpperThoracic"",""LeftUpperArm"",""LeftForearm"",""RightUpperArm"",""RightForearm""]","[""picking_up_pen"",""shelve_ordering""]","256","[""picking_up_pen"",""shelve_ordering""]","[""AMOAS01""]","[""picking_up_pen"",""shelve_ordering""]","[""AMOAS02"",""AMOAS03"",""AMOAS04"",""AMOAS05"",""AMOAS06"",""AMOAS07"",""AMOAS08"",""AMOAS09"",""AMOAS010"",""AMOAS011"",""AMOAS012"",""AMOAS013"",""AMOAS014"",""AMOAS015"",""AMOAS016"",""AMOAS017"",""AMOAS018"",""AMOAS019""]","lopo","true","false","","","","19","11.846270831682077","16.18994709405082","14.904204975744246","16.366255932843412","14.033935856337571","21.338862430542637","17.056763158712783","10.179347374065792","12.73877183204964","7.225679981296243","12.493254952388078","10.466222794600524","10.921295727849838","12.757042565434292","12.699509141428756","18.65336415351205","16.2499189112675","10.134525608101972","11.564196892339504","8.984597238695564","11.558343006243431","1.741555563532074","2.4508526163181603","3.849208836825892","3.178244669076649","3.7639693225073776","5.484723579275493","4.343312179012713","2.793000510711131","4.015796458610583","1.9037370355991707","3.0490252087613303","","","","","","","","","","","","","","","","","","","","","","","","","","","","","","","","","","","","","","","","","","","","","","","","","",""
"transformertsai_12.04","11.620759059424064","0.0001","8","100","0.01","512","128","0.5","4","2","0.1","finished","-","","","2026-04-11T22:24:34.000Z","3750","ak06vh9e","","","","","","","","[""picking_up_pen"",""shelve_ordering""]","[""picking_up_pen.csv"",""shelve_ordering.csv""]","0.5","64","3","false","by_var","StandardScaler","mosurf","/home/benedikt_nothhelfer/data_share/MoSurf_Daten/MoSurf_synangle/","cuda","mosurf_dataset.p","/home/benedikt_nothhelfer/data_share/MoSurf_Daten/","true","false","true","false","[""AMOAS01"",""AMOAS02"",""AMOAS03"",""AMOAS04"",""AMOAS05"",""AMOAS06"",""AMOAS07"",""AMOAS08"",""AMOAS09"",""AMOAS010"",""AMOAS011"",""AMOAS012"",""AMOAS013"",""AMOAS014"",""AMOAS015"",""AMOAS016"",""AMOAS017"",""AMOAS018"",""AMOAS019""]","MSE","[1,1,1,1,1,1,1,1,1,1]","","","","transformertsai","","5","Accel X","Accel Y","Accel Z","Gyro X","Gyro Y","Gyro Z","Noraxon MyoMotion Raw.Left Forearm","Noraxon MyoMotion Raw.Left Upper Arm","Noraxon MyoMotion Raw.Right Forearm","Noraxon MyoMotion Raw.Right Upper Arm","Noraxon MyoMotion Raw.Upper Thoracic","true","Adam","1600","0.5","","","","","","","","","","","","","","","","","","","","","","","","","","","","","","","","","","","","","","","","","","","","false","/home/benedikt_nothhelfer/ba_upki_benedikt/projects/UpKi_BioMat_Surf/results","false","fixedwindow","[""all""]","[""ACCX"",""ACCY"",""ACCZ"",""GYROX"",""GYROY"",""GYROZ""]","[""shoulder_elv_r"",""shoulder_rot_r"",""elv_angle_r"",""elbow_flexion_r"",""pro_sup_r"",""shoulder_elv_l"",""shoulder_rot_l"",""elv_angle_l"",""elbow_flexion_l"",""pro_sup_l""]","[""UpperThoracic"",""LeftUpperArm"",""LeftForearm"",""RightUpperArm"",""RightForearm""]","[""picking_up_pen"",""shelve_ordering""]","256","[""picking_up_pen"",""shelve_ordering""]","[""AMOAS01""]","[""picking_up_pen"",""shelve_ordering""]","[""AMOAS02"",""AMOAS03"",""AMOAS04"",""AMOAS05"",""AMOAS06"",""AMOAS07"",""AMOAS08"",""AMOAS09"",""AMOAS010"",""AMOAS011"",""AMOAS012"",""AMOAS013"",""AMOAS014"",""AMOAS015"",""AMOAS016"",""AMOAS017"",""AMOAS018"",""AMOAS019""]","lopo","true","false","","","","19","10.827148305513962","15.347720339477974","12.366248882435489","14.65207518348127","12.57373853224314","18.932236553316955","15.139116692689598","8.392833711514138","12.819810101039392","6.019195773550917","11.24099977941171","9.97155084449237","9.793788385177422","11.7566780825559","11.957666656944957","17.853415328835823","15.367269686071792","9.3847703951125","11.05480646412821","8.34093412021713","10.726710630704536","1.686795018893772","2.4293082997536533","3.43038900052252","3.0928241760201147","2.9803405860836825","5.667769881672362","4.04973458357608","2.2522996371663804","3.550482905500607","2.0048569897350017","3.069779053924994","","","","","","","","","","","","","","","","","","","","","","","","","","","","","","","","","","","","","","","","","","","","","","","","","",""
"transformertsai_11.04","13.20308341032085","0.00001","16","100","0.0001","128","128","0.5","8","3","0.3","finished","-","","","2026-04-11T21:47:37.000Z","2213","ak06vh9e","","","","","","","","[""picking_up_pen"",""shelve_ordering""]","[""picking_up_pen.csv"",""shelve_ordering.csv""]","0.5","64","3","false","by_var","StandardScaler","mosurf","/home/benedikt_nothhelfer/data_share/MoSurf_Daten/MoSurf_synangle/","cuda","mosurf_dataset.p","/home/benedikt_nothhelfer/data_share/MoSurf_Daten/","true","false","true","false","[""AMOAS01"",""AMOAS02"",""AMOAS03"",""AMOAS04"",""AMOAS05"",""AMOAS06"",""AMOAS07"",""AMOAS08"",""AMOAS09"",""AMOAS010"",""AMOAS011"",""AMOAS012"",""AMOAS013"",""AMOAS014"",""AMOAS015"",""AMOAS016"",""AMOAS017"",""AMOAS018"",""AMOAS019""]","MSE","[1,1,1,1,1,1,1,1,1,1]","","","","transformertsai","","5","Accel X","Accel Y","Accel Z","Gyro X","Gyro Y","Gyro Z","Noraxon MyoMotion Raw.Left Forearm","Noraxon MyoMotion Raw.Left Upper Arm","Noraxon MyoMotion Raw.Right Forearm","Noraxon MyoMotion Raw.Right Upper Arm","Noraxon MyoMotion Raw.Upper Thoracic","true","Adam","1600","0.5","","","","","","","","","","","","","","","","","","","","","","","","","","","","","","","","","","","","","","","","","","","","false","/home/benedikt_nothhelfer/ba_upki_benedikt/projects/UpKi_BioMat_Surf/results","false","fixedwindow","[""all""]","[""ACCX"",""ACCY"",""ACCZ"",""GYROX"",""GYROY"",""GYROZ""]","[""shoulder_elv_r"",""shoulder_rot_r"",""elv_angle_r"",""elbow_flexion_r"",""pro_sup_r"",""shoulder_elv_l"",""shoulder_rot_l"",""elv_angle_l"",""elbow_flexion_l"",""pro_sup_l""]","[""UpperThoracic"",""LeftUpperArm"",""LeftForearm"",""RightUpperArm"",""RightForearm""]","[""picking_up_pen"",""shelve_ordering""]","256","[""picking_up_pen"",""shelve_ordering""]","[""AMOAS01""]","[""picking_up_pen"",""shelve_ordering""]","[""AMOAS02"",""AMOAS03"",""AMOAS04"",""AMOAS05"",""AMOAS06"",""AMOAS07"",""AMOAS08"",""AMOAS09"",""AMOAS010"",""AMOAS011"",""AMOAS012"",""AMOAS013"",""AMOAS014"",""AMOAS015"",""AMOAS016"",""AMOAS017"",""AMOAS018"",""AMOAS019""]","lopo","true","false","","","","19","16.09506280928649","19.184124197889304","14.290037554407842","15.532824285255144","14.000441294518012","17.343524699412452","15.133303363268675","10.041664861119148","14.182958159661313","8.001253180880923","10.19965983399884","13.397647037655878","13.349155919382309","14.226261472948943","14.129741232748607","18.62461791893473","16.539991619826566","10.392493698644437","11.228968465821172","9.363217120228532","10.778739617017306","1.48656891302668","2.7791899904970423","4.07016025432989","3.4701165629296034","2.8025227473658294","6.00961740524346","4.721613051629753","2.559183270522945","3.883123685273778","2.0780402067946633","3.086375774758156","","","","","","","","","","","","","","","","","","","","","","","","","","","","","","","","","","","","","","","","","","","","","","","","","",""
"transformertsai_11.04","12.834807789249547","0.00001","8","50","0.001","256","128","0.3","8","3","0.1","finished","-","","","2026-04-11T21:12:28.000Z","2107","ak06vh9e","","","","","","","","[""picking_up_pen"",""shelve_ordering""]","[""picking_up_pen.csv"",""shelve_ordering.csv""]","0.5","64","3","false","by_var","StandardScaler","mosurf","/home/benedikt_nothhelfer/data_share/MoSurf_Daten/MoSurf_synangle/","cuda","mosurf_dataset.p","/home/benedikt_nothhelfer/data_share/MoSurf_Daten/","true","false","true","false","[""AMOAS01"",""AMOAS02"",""AMOAS03"",""AMOAS04"",""AMOAS05"",""AMOAS06"",""AMOAS07"",""AMOAS08"",""AMOAS09"",""AMOAS010"",""AMOAS011"",""AMOAS012"",""AMOAS013"",""AMOAS014"",""AMOAS015"",""AMOAS016"",""AMOAS017"",""AMOAS018"",""AMOAS019""]","MSE","[1,1,1,1,1,1,1,1,1,1]","","","","transformertsai","","5","Accel X","Accel Y","Accel Z","Gyro X","Gyro Y","Gyro Z","Noraxon MyoMotion Raw.Left Forearm","Noraxon MyoMotion Raw.Left Upper Arm","Noraxon MyoMotion Raw.Right Forearm","Noraxon MyoMotion Raw.Right Upper Arm","Noraxon MyoMotion Raw.Upper Thoracic","true","Adam","1600","0.5","","","","","","","","","","","","","","","","","","","","","","","","","","","","","","","","","","","","","","","","","","","","false","/home/benedikt_nothhelfer/ba_upki_benedikt/projects/UpKi_BioMat_Surf/results","false","fixedwindow","[""all""]","[""ACCX"",""ACCY"",""ACCZ"",""GYROX"",""GYROY"",""GYROZ""]","[""shoulder_elv_r"",""shoulder_rot_r"",""elv_angle_r"",""elbow_flexion_r"",""pro_sup_r"",""shoulder_elv_l"",""shoulder_rot_l"",""elv_angle_l"",""elbow_flexion_l"",""pro_sup_l""]","[""UpperThoracic"",""LeftUpperArm"",""LeftForearm"",""RightUpperArm"",""RightForearm""]","[""picking_up_pen"",""shelve_ordering""]","256","[""picking_up_pen"",""shelve_ordering""]","[""AMOAS01""]","[""picking_up_pen"",""shelve_ordering""]","[""AMOAS02"",""AMOAS03"",""AMOAS04"",""AMOAS05"",""AMOAS06"",""AMOAS07"",""AMOAS08"",""AMOAS09"",""AMOAS010"",""AMOAS011"",""AMOAS012"",""AMOAS013"",""AMOAS014"",""AMOAS015"",""AMOAS016"",""AMOAS017"",""AMOAS018"",""AMOAS019""]","lopo","true","false","","","","19","12.12664227349934","14.0772856399798","15.00347485954764","16.28596411109508","13.442008197864975","20.38343476195139","16.588423556740025","8.08386625481049","13.073407186001312","8.034167109262963","10.76341622576172","12.410261340283148","12.252654913135787","13.878702619657693","13.75030330029302","18.817968978758053","16.324758417652962","10.100782162358056","10.95277360884001","9.140603605417962","10.719268946098769","1.5040849983791391","2.5874927732265056","3.295633644764034","3.289321243340545","2.6516181490601323","6.184768908538254","4.543902166288498","2.5221767938462807","3.425635055328593","1.6803150009347672","3.074707402399401","","","","","","","","","","","","","","","","","","","","","","","","","","","","","","","","","","","","","","","","","","","","","","","","","",""
"transformertsai_11.04","12.945017135181564","0.0001","32","50","0.01","512","64","0.1","4","3","0.5","finished","-","","","2026-04-11T21:05:07.000Z","436","ak06vh9e","","","","","","","","[""picking_up_pen"",""shelve_ordering""]","[""picking_up_pen.csv"",""shelve_ordering.csv""]","0.5","64","3","false","by_var","StandardScaler","mosurf","/home/benedikt_nothhelfer/data_share/MoSurf_Daten/MoSurf_synangle/","cuda","mosurf_dataset.p","/home/benedikt_nothhelfer/data_share/MoSurf_Daten/","true","false","true","false","[""AMOAS01"",""AMOAS02"",""AMOAS03"",""AMOAS04"",""AMOAS05"",""AMOAS06"",""AMOAS07"",""AMOAS08"",""AMOAS09"",""AMOAS010"",""AMOAS011"",""AMOAS012"",""AMOAS013"",""AMOAS014"",""AMOAS015"",""AMOAS016"",""AMOAS017"",""AMOAS018"",""AMOAS019""]","MSE","[1,1,1,1,1,1,1,1,1,1]","","","","transformertsai","","5","Accel X","Accel Y","Accel Z","Gyro X","Gyro Y","Gyro Z","Noraxon MyoMotion Raw.Left Forearm","Noraxon MyoMotion Raw.Left Upper Arm","Noraxon MyoMotion Raw.Right Forearm","Noraxon MyoMotion Raw.Right Upper Arm","Noraxon MyoMotion Raw.Upper Thoracic","true","Adam","1600","0.5","","","","","","","","","","","","","","","","","","","","","","","","","","","","","","","","","","","","","","","","","","","","false","/home/benedikt_nothhelfer/ba_upki_benedikt/projects/UpKi_BioMat_Surf/results","false","fixedwindow","[""all""]","[""ACCX"",""ACCY"",""ACCZ"",""GYROX"",""GYROY"",""GYROZ""]","[""shoulder_elv_r"",""shoulder_rot_r"",""elv_angle_r"",""elbow_flexion_r"",""pro_sup_r"",""shoulder_elv_l"",""shoulder_rot_l"",""elv_angle_l"",""elbow_flexion_l"",""pro_sup_l""]","[""UpperThoracic"",""LeftUpperArm"",""LeftForearm"",""RightUpperArm"",""RightForearm""]","[""picking_up_pen"",""shelve_ordering""]","256","[""picking_up_pen"",""shelve_ordering""]","[""AMOAS01""]","[""picking_up_pen"",""shelve_ordering""]","[""AMOAS02"",""AMOAS03"",""AMOAS04"",""AMOAS05"",""AMOAS06"",""AMOAS07"",""AMOAS08"",""AMOAS09"",""AMOAS010"",""AMOAS011"",""AMOAS012"",""AMOAS013"",""AMOAS014"",""AMOAS015"",""AMOAS016"",""AMOAS017"",""AMOAS018"",""AMOAS019""]","lopo","true","false","","","","19","14.240193572108645","18.130877253227887","14.062003652049702","16.56038397849988","14.061123945366244","19.96813922523951","15.990405547349296","9.293709093315655","12.590322232472118","8.183916632200066","11.591288267199667","12.072584107084596","12.16110606752025","13.653496566261476","13.377236691773348","18.804320440328524","17.098808145412466","10.680463081353066","11.103099958385544","9.31923443443272","11.179821859263663","1.512804013018314","2.725626221216869","3.874315511404393","3.1271953300371753","2.7325009610600812","5.731375514063552","4.873149256289668","2.2336192341798315","3.0419210368000873","1.9427893594976584","2.777416322593364","","","","","","","","","","","","","","","","","","","","","","","","","","","","","","","","","","","","","","","","","","","","","","","","","",""
"transformertsai_11.04","11.84551992666803","0.0001","16","70","0.0001","512","128","0.5","8","2","0.1","finished","-","","","2026-04-11T20:40:50.000Z","1454","ak06vh9e","","","","","","","","[""picking_up_pen"",""shelve_ordering""]","[""picking_up_pen.csv"",""shelve_ordering.csv""]","0.5","64","3","false","by_var","StandardScaler","mosurf","/home/benedikt_nothhelfer/data_share/MoSurf_Daten/MoSurf_synangle/","cuda","mosurf_dataset.p","/home/benedikt_nothhelfer/data_share/MoSurf_Daten/","true","false","true","false","[""AMOAS01"",""AMOAS02"",""AMOAS03"",""AMOAS04"",""AMOAS05"",""AMOAS06"",""AMOAS07"",""AMOAS08"",""AMOAS09"",""AMOAS010"",""AMOAS011"",""AMOAS012"",""AMOAS013"",""AMOAS014"",""AMOAS015"",""AMOAS016"",""AMOAS017"",""AMOAS018"",""AMOAS019""]","MSE","[1,1,1,1,1,1,1,1,1,1]","","","","transformertsai","","5","Accel X","Accel Y","Accel Z","Gyro X","Gyro Y","Gyro Z","Noraxon MyoMotion Raw.Left Forearm","Noraxon MyoMotion Raw.Left Upper Arm","Noraxon MyoMotion Raw.Right Forearm","Noraxon MyoMotion Raw.Right Upper Arm","Noraxon MyoMotion Raw.Upper Thoracic","true","Adam","1600","0.5","","","","","","","","","","","","","","","","","","","","","","","","","","","","","","","","","","","","","","","","","","","","false","/home/benedikt_nothhelfer/ba_upki_benedikt/projects/UpKi_BioMat_Surf/results","false","fixedwindow","[""all""]","[""ACCX"",""ACCY"",""ACCZ"",""GYROX"",""GYROY"",""GYROZ""]","[""shoulder_elv_r"",""shoulder_rot_r"",""elv_angle_r"",""elbow_flexion_r"",""pro_sup_r"",""shoulder_elv_l"",""shoulder_rot_l"",""elv_angle_l"",""elbow_flexion_l"",""pro_sup_l""]","[""UpperThoracic"",""LeftUpperArm"",""LeftForearm"",""RightUpperArm"",""RightForearm""]","[""picking_up_pen"",""shelve_ordering""]","256","[""picking_up_pen"",""shelve_ordering""]","[""AMOAS01""]","[""picking_up_pen"",""shelve_ordering""]","[""AMOAS02"",""AMOAS03"",""AMOAS04"",""AMOAS05"",""AMOAS06"",""AMOAS07"",""AMOAS08"",""AMOAS09"",""AMOAS010"",""AMOAS011"",""AMOAS012"",""AMOAS013"",""AMOAS014"",""AMOAS015"",""AMOAS016"",""AMOAS017"",""AMOAS018"",""AMOAS019""]","lopo","true","false","","","","19","10.932863762672694","15.408886685239516","14.04425056768843","15.051548905705818","12.753383615821123","19.552443422685283","13.41885621335012","8.115203142551158","11.92489217905234","6.334232500017797","12.750658779248088","9.81774418993712","9.990974364569354","12.296831552010715","12.266888513485664","17.61956069066681","15.819035365793148","9.624453916339885","11.55064940609658","8.530449985107564","10.938611282673484","1.5269702827073908","2.4615809846854018","3.23020225058723","2.9062522282088374","3.3317505549652404","5.205268753931083","4.307746624481729","1.977904625793156","3.8612880432395658","1.869869689360276","2.852060377742699","","","","","","","","","","","","","","","","","","","","","","","","","","","","","","","","","","","","","","","","","","","","","","","","","",""
"transformertsai_11.04","12.358539602877531","0.0001","16","50","0.0001","512","128","0.1","4","2","0.3","finished","-","","","2026-04-11T20:24:02.000Z","1002","ak06vh9e","","","","","","","","[""picking_up_pen"",""shelve_ordering""]","[""picking_up_pen.csv"",""shelve_ordering.csv""]","0.5","64","3","false","by_var","StandardScaler","mosurf","/home/benedikt_nothhelfer/data_share/MoSurf_Daten/MoSurf_synangle/","cuda","mosurf_dataset.p","/home/benedikt_nothhelfer/data_share/MoSurf_Daten/","true","false","true","false","[""AMOAS01"",""AMOAS02"",""AMOAS03"",""AMOAS04"",""AMOAS05"",""AMOAS06"",""AMOAS07"",""AMOAS08"",""AMOAS09"",""AMOAS010"",""AMOAS011"",""AMOAS012"",""AMOAS013"",""AMOAS014"",""AMOAS015"",""AMOAS016"",""AMOAS017"",""AMOAS018"",""AMOAS019""]","MSE","[1,1,1,1,1,1,1,1,1,1]","","","","transformertsai","","5","Accel X","Accel Y","Accel Z","Gyro X","Gyro Y","Gyro Z","Noraxon MyoMotion Raw.Left Forearm","Noraxon MyoMotion Raw.Left Upper Arm","Noraxon MyoMotion Raw.Right Forearm","Noraxon MyoMotion Raw.Right Upper Arm","Noraxon MyoMotion Raw.Upper Thoracic","true","Adam","1600","0.5","","","","","","","","","","","","","","","","","","","","","","","","","","","","","","","","","","","","","","","","","","","","false","/home/benedikt_nothhelfer/ba_upki_benedikt/projects/UpKi_BioMat_Surf/results","false","fixedwindow","[""all""]","[""ACCX"",""ACCY"",""ACCZ"",""GYROX"",""GYROY"",""GYROZ""]","[""shoulder_elv_r"",""shoulder_rot_r"",""elv_angle_r"",""elbow_flexion_r"",""pro_sup_r"",""shoulder_elv_l"",""shoulder_rot_l"",""elv_angle_l"",""elbow_flexion_l"",""pro_sup_l""]","[""UpperThoracic"",""LeftUpperArm"",""LeftForearm"",""RightUpperArm"",""RightForearm""]","[""picking_up_pen"",""shelve_ordering""]","256","[""picking_up_pen"",""shelve_ordering""]","[""AMOAS01""]","[""picking_up_pen"",""shelve_ordering""]","[""AMOAS02"",""AMOAS03"",""AMOAS04"",""AMOAS05"",""AMOAS06"",""AMOAS07"",""AMOAS08"",""AMOAS09"",""AMOAS010"",""AMOAS011"",""AMOAS012"",""AMOAS013"",""AMOAS014"",""AMOAS015"",""AMOAS016"",""AMOAS017"",""AMOAS018"",""AMOAS019""]","lopo","true","false","","","","19","11.72017381713115","16.896268421709884","14.036866856738497","17.051415820110915","13.958273141234375","21.5217950748752","14.81857486356542","10.152749357284522","12.830763698335492","6.622554485793911","13.931569016798772","10.415581362283293","10.481439167626387","12.989144056424903","12.89966776347666","18.78777190828911","16.270117996441847","10.235213252061328","11.649893705952664","8.63923289519159","11.21733392102752","1.7731949570029149","2.5908615003136255","3.9324591859217417","3.2405567673446747","3.4833960981626846","6.2649904098069396","4.130301151532972","2.0570596930293132","3.5923991874933754","1.972685756636976","2.7787921687503645","","","","","","","","","","","","","","","","","","","","","","","","","","","","","","","","","","","","","","","","","","","","","","","","","",""
"transformertsai_11.04","13.07694835697628","0.001","16","100","0.0001","512","64","0.1","8","3","0.5","finished","-","","","2026-04-11T19:57:56.000Z","1563","ak06vh9e","","","","","","","","[""picking_up_pen"",""shelve_ordering""]","[""picking_up_pen.csv"",""shelve_ordering.csv""]","0.5","64","3","false","by_var","StandardScaler","mosurf","/home/benedikt_nothhelfer/data_share/MoSurf_Daten/MoSurf_synangle/","cuda","mosurf_dataset.p","/home/benedikt_nothhelfer/data_share/MoSurf_Daten/","true","false","true","false","[""AMOAS01"",""AMOAS02"",""AMOAS03"",""AMOAS04"",""AMOAS05"",""AMOAS06"",""AMOAS07"",""AMOAS08"",""AMOAS09"",""AMOAS010"",""AMOAS011"",""AMOAS012"",""AMOAS013"",""AMOAS014"",""AMOAS015"",""AMOAS016"",""AMOAS017"",""AMOAS018"",""AMOAS019""]","MSE","[1,1,1,1,1,1,1,1,1,1]","","","","transformertsai","","5","Accel X","Accel Y","Accel Z","Gyro X","Gyro Y","Gyro Z","Noraxon MyoMotion Raw.Left Forearm","Noraxon MyoMotion Raw.Left Upper Arm","Noraxon MyoMotion Raw.Right Forearm","Noraxon MyoMotion Raw.Right Upper Arm","Noraxon MyoMotion Raw.Upper Thoracic","true","Adam","1600","0.5","","","","","","","","","","","","","","","","","","","","","","","","","","","","","","","","","","","","","","","","","","","","false","/home/benedikt_nothhelfer/ba_upki_benedikt/projects/UpKi_BioMat_Surf/results","false","fixedwindow","[""all""]","[""ACCX"",""ACCY"",""ACCZ"",""GYROX"",""GYROY"",""GYROZ""]","[""shoulder_elv_r"",""shoulder_rot_r"",""elv_angle_r"",""elbow_flexion_r"",""pro_sup_r"",""shoulder_elv_l"",""shoulder_rot_l"",""elv_angle_l"",""elbow_flexion_l"",""pro_sup_l""]","[""UpperThoracic"",""LeftUpperArm"",""LeftForearm"",""RightUpperArm"",""RightForearm""]","[""picking_up_pen"",""shelve_ordering""]","256","[""picking_up_pen"",""shelve_ordering""]","[""AMOAS01""]","[""picking_up_pen"",""shelve_ordering""]","[""AMOAS02"",""AMOAS03"",""AMOAS04"",""AMOAS05"",""AMOAS06"",""AMOAS07"",""AMOAS08"",""AMOAS09"",""AMOAS010"",""AMOAS011"",""AMOAS012"",""AMOAS013"",""AMOAS014"",""AMOAS015"",""AMOAS016"",""AMOAS017"",""AMOAS018"",""AMOAS019""]","lopo","true","false","","","","19","12.567113626427528","18.00091963512554","19.29457971237528","21.097786080724724","15.346928393600331","19.160005223258647","15.369978270261312","11.475469497500672","11.460537145280217","9.190917714376356","15.85197703067306","11.175628909869618","11.651232552213344","13.92436191547315","13.600477399046513","20.2059623477761","16.46730541236784","11.172096457169092","11.890613347024312","9.476636411357418","11.205168817465436","2.038602488359634","2.630526459461815","3.3435549053129643","4.23668593246978","4.430450809490171","6.066980387348316","3.9124026154226694","3.438079056101442","3.546583973219878","2.0678378344049806","2.8659501662571336","","","","","","","","","","","","","","","","","","","","","","","","","","","","","","","","","","","","","","","","","","","","","","","","","",""
"transformertsai_11.04","12.182322363232135","0.0001","8","100","0.001","256","64","0.1","4","3","0.3","finished","-","","","2026-04-11T19:09:16.000Z","2916","ak06vh9e","","","","","","","","[""picking_up_pen"",""shelve_ordering""]","[""picking_up_pen.csv"",""shelve_ordering.csv""]","0.5","64","3","false","by_var","StandardScaler","mosurf","/home/benedikt_nothhelfer/data_share/MoSurf_Daten/MoSurf_synangle/","cuda","mosurf_dataset.p","/home/benedikt_nothhelfer/data_share/MoSurf_Daten/","true","false","true","false","[""AMOAS01"",""AMOAS02"",""AMOAS03"",""AMOAS04"",""AMOAS05"",""AMOAS06"",""AMOAS07"",""AMOAS08"",""AMOAS09"",""AMOAS010"",""AMOAS011"",""AMOAS012"",""AMOAS013"",""AMOAS014"",""AMOAS015"",""AMOAS016"",""AMOAS017"",""AMOAS018"",""AMOAS019""]","MSE","[1,1,1,1,1,1,1,1,1,1]","","","","transformertsai","","5","Accel X","Accel Y","Accel Z","Gyro X","Gyro Y","Gyro Z","Noraxon MyoMotion Raw.Left Forearm","Noraxon MyoMotion Raw.Left Upper Arm","Noraxon MyoMotion Raw.Right Forearm","Noraxon MyoMotion Raw.Right Upper Arm","Noraxon MyoMotion Raw.Upper Thoracic","true","Adam","1600","0.5","","","","","","","","","","","","","","","","","","","","","","","","","","","","","","","","","","","","","","","","","","","","false","/home/benedikt_nothhelfer/ba_upki_benedikt/projects/UpKi_BioMat_Surf/results","false","fixedwindow","[""all""]","[""ACCX"",""ACCY"",""ACCZ"",""GYROX"",""GYROY"",""GYROZ""]","[""shoulder_elv_r"",""shoulder_rot_r"",""elv_angle_r"",""elbow_flexion_r"",""pro_sup_r"",""shoulder_elv_l"",""shoulder_rot_l"",""elv_angle_l"",""elbow_flexion_l"",""pro_sup_l""]","[""UpperThoracic"",""LeftUpperArm"",""LeftForearm"",""RightUpperArm"",""RightForearm""]","[""picking_up_pen"",""shelve_ordering""]","256","[""picking_up_pen"",""shelve_ordering""]","[""AMOAS01""]","[""picking_up_pen"",""shelve_ordering""]","[""AMOAS02"",""AMOAS03"",""AMOAS04"",""AMOAS05"",""AMOAS06"",""AMOAS07"",""AMOAS08"",""AMOAS09"",""AMOAS010"",""AMOAS011"",""AMOAS012"",""AMOAS013"",""AMOAS014"",""AMOAS015"",""AMOAS016"",""AMOAS017"",""AMOAS018"",""AMOAS019""]","lopo","true","false","","","","19","11.265552084549777","16.068714370920585","14.486496189844193","16.576933357095367","14.04380756959731","22.30528777163914","17.49869851846542","10.890450546022734","13.903357633827678","6.406392457911469","11.03619276569675","10.263308445791688","10.500123865192974","12.627185327474049","12.757647033747917","17.766510859270994","16.149154815442742","10.009911802826872","11.902174711116064","8.69825456270756","11.148952208750496","1.691286350606218","2.2696932660603193","3.6264957916633582","3.115361455910046","3.322598973836376","5.003650323233512","4.059868187759772","2.5030486896132955","3.891357510024178","1.7537444518354826","2.9458479647885425","","","","","","","","","","","","","","","","","","","","","","","","","","","","","","","","","","","","","","","","","","","","","","","","","",""
"transformertsai_11.04","12.275186518262515","0.0001","32","70","0.0001","256","64","0.3","8","4","0.1","finished","-","","","2026-04-11T18:55:44.000Z","808","ak06vh9e","","","","","","","","[""picking_up_pen"",""shelve_ordering""]","[""picking_up_pen.csv"",""shelve_ordering.csv""]","0.5","64","3","false","by_var","StandardScaler","mosurf","/home/benedikt_nothhelfer/data_share/MoSurf_Daten/MoSurf_synangle/","cuda","mosurf_dataset.p","/home/benedikt_nothhelfer/data_share/MoSurf_Daten/","true","false","true","false","[""AMOAS01"",""AMOAS02"",""AMOAS03"",""AMOAS04"",""AMOAS05"",""AMOAS06"",""AMOAS07"",""AMOAS08"",""AMOAS09"",""AMOAS010"",""AMOAS011"",""AMOAS012"",""AMOAS013"",""AMOAS014"",""AMOAS015"",""AMOAS016"",""AMOAS017"",""AMOAS018"",""AMOAS019""]","MSE","[1,1,1,1,1,1,1,1,1,1]","","","","transformertsai","","5","Accel X","Accel Y","Accel Z","Gyro X","Gyro Y","Gyro Z","Noraxon MyoMotion Raw.Left Forearm","Noraxon MyoMotion Raw.Left Upper Arm","Noraxon MyoMotion Raw.Right Forearm","Noraxon MyoMotion Raw.Right Upper Arm","Noraxon MyoMotion Raw.Upper Thoracic","true","Adam","1600","0.5","","","","","","","","","","","","","","","","","","","","","","","","","","","","","","","","","","","","","","","","","","","","false","/home/benedikt_nothhelfer/ba_upki_benedikt/projects/UpKi_BioMat_Surf/results","false","fixedwindow","[""all""]","[""ACCX"",""ACCY"",""ACCZ"",""GYROX"",""GYROY"",""GYROZ""]","[""shoulder_elv_r"",""shoulder_rot_r"",""elv_angle_r"",""elbow_flexion_r"",""pro_sup_r"",""shoulder_elv_l"",""shoulder_rot_l"",""elv_angle_l"",""elbow_flexion_l"",""pro_sup_l""]","[""UpperThoracic"",""LeftUpperArm"",""LeftForearm"",""RightUpperArm"",""RightForearm""]","[""picking_up_pen"",""shelve_ordering""]","256","[""picking_up_pen"",""shelve_ordering""]","[""AMOAS01""]","[""picking_up_pen"",""shelve_ordering""]","[""AMOAS02"",""AMOAS03"",""AMOAS04"",""AMOAS05"",""AMOAS06"",""AMOAS07"",""AMOAS08"",""AMOAS09"",""AMOAS010"",""AMOAS011"",""AMOAS012"",""AMOAS013"",""AMOAS014"",""AMOAS015"",""AMOAS016"",""AMOAS017"",""AMOAS018"",""AMOAS019""]","lopo","true","false","","","","19","11.184009658989574","14.671229382786194","13.818649642096188","16.498366739430587","13.460390624706292","20.030206842601093","16.674066989076614","10.590998368574963","13.371097333964316","6.365744145430986","11.399537144112394","10.39816264483856","10.74967707943888","13.057688892660568","12.855787116883636","18.45176796057771","16.319389979645376","9.87836055029341","11.334182320683745","8.65382414894297","11.05302448866031","1.4938558495163716","2.022734248044823","2.9478773123062205","2.907518983258931","3.576772925476041","5.79260243389971","3.7441778354163886","2.192643451428295","3.701976996726587","1.7788620094408216","2.4902990840823493","","","","","","","","","","","","","","","","","","","","","","","","","","","","","","","","","","","","","","","","","","","","","","","","","",""
"transformertsai_11.04","12.316313750379262","0.001","32","100","0.0001","128","64","0.3","8","3","0.3","finished","-","","","2026-04-11T18:39:42.000Z","956","ak06vh9e","","","","","","","","[""picking_up_pen"",""shelve_ordering""]","[""picking_up_pen.csv"",""shelve_ordering.csv""]","0.5","64","3","false","by_var","StandardScaler","mosurf","/home/benedikt_nothhelfer/data_share/MoSurf_Daten/MoSurf_synangle/","cuda","mosurf_dataset.p","/home/benedikt_nothhelfer/data_share/MoSurf_Daten/","true","false","true","false","[""AMOAS01"",""AMOAS02"",""AMOAS03"",""AMOAS04"",""AMOAS05"",""AMOAS06"",""AMOAS07"",""AMOAS08"",""AMOAS09"",""AMOAS010"",""AMOAS011"",""AMOAS012"",""AMOAS013"",""AMOAS014"",""AMOAS015"",""AMOAS016"",""AMOAS017"",""AMOAS018"",""AMOAS019""]","MSE","[1,1,1,1,1,1,1,1,1,1]","","","","transformertsai","","5","Accel X","Accel Y","Accel Z","Gyro X","Gyro Y","Gyro Z","Noraxon MyoMotion Raw.Left Forearm","Noraxon MyoMotion Raw.Left Upper Arm","Noraxon MyoMotion Raw.Right Forearm","Noraxon MyoMotion Raw.Right Upper Arm","Noraxon MyoMotion Raw.Upper Thoracic","true","Adam","1600","0.5","","","","","","","","","","","","","","","","","","","","","","","","","","","","","","","","","","","","","","","","","","","","false","/home/benedikt_nothhelfer/ba_upki_benedikt/projects/UpKi_BioMat_Surf/results","false","fixedwindow","[""all""]","[""ACCX"",""ACCY"",""ACCZ"",""GYROX"",""GYROY"",""GYROZ""]","[""shoulder_elv_r"",""shoulder_rot_r"",""elv_angle_r"",""elbow_flexion_r"",""pro_sup_r"",""shoulder_elv_l"",""shoulder_rot_l"",""elv_angle_l"",""elbow_flexion_l"",""pro_sup_l""]","[""UpperThoracic"",""LeftUpperArm"",""LeftForearm"",""RightUpperArm"",""RightForearm""]","[""picking_up_pen"",""shelve_ordering""]","256","[""picking_up_pen"",""shelve_ordering""]","[""AMOAS01""]","[""picking_up_pen"",""shelve_ordering""]","[""AMOAS02"",""AMOAS03"",""AMOAS04"",""AMOAS05"",""AMOAS06"",""AMOAS07"",""AMOAS08"",""AMOAS09"",""AMOAS010"",""AMOAS011"",""AMOAS012"",""AMOAS013"",""AMOAS014"",""AMOAS015"",""AMOAS016"",""AMOAS017"",""AMOAS018"",""AMOAS019""]","lopo","true","false","","","","19","10.874393799200044","14.839430652397176","14.628903413130544","18.005532095860566","13.75037374527674","21.135354551740456","15.8766823835343","10.08443376110136","12.226911846781174","6.933605207086078","12.898489741935713","10.56823749591679","10.40657477323169","12.689109186345126","12.645018355351317","19.18174642129677","15.897259267551048","10.044476509619937","11.40418489914198","9.15550451425274","11.17102608108523","1.842827112449123","2.2119518603690485","3.10109725408942","3.524965469486971","3.7281910675336185","6.13888962730394","4.519580353452328","2.3975579746145868","3.408411841163309","1.8359586824476353","2.4932497197495183","","","","","","","","","","","","","","","","","","","","","","","","","","","","","","","","","","","","","","","","","","","","","","","","","",""
"transformertsai_11.04","14.1606297273662","0.00001","8","50","0.001","512","64","0.3","8","2","0.1","finished","-","","","2026-04-11T18:17:54.000Z","1302","ak06vh9e","","","","","","","","[""picking_up_pen"",""shelve_ordering""]","[""picking_up_pen.csv"",""shelve_ordering.csv""]","0.5","64","3","false","by_var","StandardScaler","mosurf","/home/benedikt_nothhelfer/data_share/MoSurf_Daten/MoSurf_synangle/","cuda","mosurf_dataset.p","/home/benedikt_nothhelfer/data_share/MoSurf_Daten/","true","false","true","false","[""AMOAS01"",""AMOAS02"",""AMOAS03"",""AMOAS04"",""AMOAS05"",""AMOAS06"",""AMOAS07"",""AMOAS08"",""AMOAS09"",""AMOAS010"",""AMOAS011"",""AMOAS012"",""AMOAS013"",""AMOAS014"",""AMOAS015"",""AMOAS016"",""AMOAS017"",""AMOAS018"",""AMOAS019""]","MSE","[1,1,1,1,1,1,1,1,1,1]","","","","transformertsai","","5","Accel X","Accel Y","Accel Z","Gyro X","Gyro Y","Gyro Z","Noraxon MyoMotion Raw.Left Forearm","Noraxon MyoMotion Raw.Left Upper Arm","Noraxon MyoMotion Raw.Right Forearm","Noraxon MyoMotion Raw.Right Upper Arm","Noraxon MyoMotion Raw.Upper Thoracic","true","Adam","1600","0.5","","","","","","","","","","","","","","","","","","","","","","","","","","","","","","","","","","","","","","","","","","","","false","/home/benedikt_nothhelfer/ba_upki_benedikt/projects/UpKi_BioMat_Surf/results","false","fixedwindow","[""all""]","[""ACCX"",""ACCY"",""ACCZ"",""GYROX"",""GYROY"",""GYROZ""]","[""shoulder_elv_r"",""shoulder_rot_r"",""elv_angle_r"",""elbow_flexion_r"",""pro_sup_r"",""shoulder_elv_l"",""shoulder_rot_l"",""elv_angle_l"",""elbow_flexion_l"",""pro_sup_l""]","[""UpperThoracic"",""LeftUpperArm"",""LeftForearm"",""RightUpperArm"",""RightForearm""]","[""picking_up_pen"",""shelve_ordering""]","256","[""picking_up_pen"",""shelve_ordering""]","[""AMOAS01""]","[""picking_up_pen"",""shelve_ordering""]","[""AMOAS02"",""AMOAS03"",""AMOAS04"",""AMOAS05"",""AMOAS06"",""AMOAS07"",""AMOAS08"",""AMOAS09"",""AMOAS010"",""AMOAS011"",""AMOAS012"",""AMOAS013"",""AMOAS014"",""AMOAS015"",""AMOAS016"",""AMOAS017"",""AMOAS018"",""AMOAS019""]","lopo","true","false","","","","19","19.040503693957756","20.199363533317907","14.660191918289724","13.109723912202448","14.113341502440472","17.5484256515673","16.21906624323644","9.360118369180478","13.673058405523406","7.340571545666125","9.982391751463116","16.585994300482493","16.20976372063862","15.011278094648445","14.927491094931224","19.10349696053915","17.05333816608343","10.373738421439928","11.425627418059111","9.86452073249072","11.051048364348892","1.5310536828767405","2.9325009099517816","4.081559178681302","3.5212282525063427","2.900034472521404","5.299552471424085","4.127511838963751","3.049759261139847","3.6201059998685112","2.21360417355847","3.1680323398058814","","","","","","","","","","","","","","","","","","","","","","","","","","","","","","","","","","","","","","","","","","","","","","","","","",""
"transformertsai_11.04","15.061459032936993","0.00001","16","100","0.001","512","64","0.5","8","3","0.5","finished","-","","","2026-04-11T17:51:52.000Z","1558","ak06vh9e","","","","","","","","[""picking_up_pen"",""shelve_ordering""]","[""picking_up_pen.csv"",""shelve_ordering.csv""]","0.5","64","3","false","by_var","StandardScaler","mosurf","/home/benedikt_nothhelfer/data_share/MoSurf_Daten/MoSurf_synangle/","cuda","mosurf_dataset.p","/home/benedikt_nothhelfer/data_share/MoSurf_Daten/","true","false","true","false","[""AMOAS01"",""AMOAS02"",""AMOAS03"",""AMOAS04"",""AMOAS05"",""AMOAS06"",""AMOAS07"",""AMOAS08"",""AMOAS09"",""AMOAS010"",""AMOAS011"",""AMOAS012"",""AMOAS013"",""AMOAS014"",""AMOAS015"",""AMOAS016"",""AMOAS017"",""AMOAS018"",""AMOAS019""]","MSE","[1,1,1,1,1,1,1,1,1,1]","","","","transformertsai","","5","Accel X","Accel Y","Accel Z","Gyro X","Gyro Y","Gyro Z","Noraxon MyoMotion Raw.Left Forearm","Noraxon MyoMotion Raw.Left Upper Arm","Noraxon MyoMotion Raw.Right Forearm","Noraxon MyoMotion Raw.Right Upper Arm","Noraxon MyoMotion Raw.Upper Thoracic","true","Adam","1600","0.5","","","","","","","","","","","","","","","","","","","","","","","","","","","","","","","","","","","","","","","","","","","","false","/home/benedikt_nothhelfer/ba_upki_benedikt/projects/UpKi_BioMat_Surf/results","false","fixedwindow","[""all""]","[""ACCX"",""ACCY"",""ACCZ"",""GYROX"",""GYROY"",""GYROZ""]","[""shoulder_elv_r"",""shoulder_rot_r"",""elv_angle_r"",""elbow_flexion_r"",""pro_sup_r"",""shoulder_elv_l"",""shoulder_rot_l"",""elv_angle_l"",""elbow_flexion_l"",""pro_sup_l""]","[""UpperThoracic"",""LeftUpperArm"",""LeftForearm"",""RightUpperArm"",""RightForearm""]","[""picking_up_pen"",""shelve_ordering""]","256","[""picking_up_pen"",""shelve_ordering""]","[""AMOAS01""]","[""picking_up_pen"",""shelve_ordering""]","[""AMOAS02"",""AMOAS03"",""AMOAS04"",""AMOAS05"",""AMOAS06"",""AMOAS07"",""AMOAS08"",""AMOAS09"",""AMOAS010"",""AMOAS011"",""AMOAS012"",""AMOAS013"",""AMOAS014"",""AMOAS015"",""AMOAS016"",""AMOAS017"",""AMOAS018"",""AMOAS019""]","lopo","true","false","","","","19","20.819612819019103","22.432868397507093","16.041986763329867","14.093942768534044","14.959835836937458","17.877452543251685","16.553656777932364","9.202557919200068","13.672956530977528","8.09090171809023","10.812422131532587","19.000085688549","18.477276915476544","16.0237683379591","16.29203615988011","19.035237190705796","17.48733654907652","10.970918286398806","11.818843353534314","10.211814316597367","11.297273531192364","1.6065017320740922","3.5617803582296172","4.5758373152059235","3.5617995446978457","2.647830056393542","5.391518923027078","4.388037187243487","3.1103981471618174","4.327746540625978","2.3679994816894334","3.373280552042078","","","","","","","","","","","","","","","","","","","","","","","","","","","","","","","","","","","","","","","","","","","","","","","","","",""
"transformertsai_11.04","13.64596583914704","0.00001","8","100","0.01","512","64","0.1","8","2","0.5","finished","-","","","2026-04-11T17:08:03.000Z","2628","ak06vh9e","","","","","","","","[""picking_up_pen"",""shelve_ordering""]","[""picking_up_pen.csv"",""shelve_ordering.csv""]","0.5","64","3","false","by_var","StandardScaler","mosurf","/home/benedikt_nothhelfer/data_share/MoSurf_Daten/MoSurf_synangle/","cuda","mosurf_dataset.p","/home/benedikt_nothhelfer/data_share/MoSurf_Daten/","true","false","true","false","[""AMOAS01"",""AMOAS02"",""AMOAS03"",""AMOAS04"",""AMOAS05"",""AMOAS06"",""AMOAS07"",""AMOAS08"",""AMOAS09"",""AMOAS010"",""AMOAS011"",""AMOAS012"",""AMOAS013"",""AMOAS014"",""AMOAS015"",""AMOAS016"",""AMOAS017"",""AMOAS018"",""AMOAS019""]","MSE","[1,1,1,1,1,1,1,1,1,1]","","","","transformertsai","","5","Accel X","Accel Y","Accel Z","Gyro X","Gyro Y","Gyro Z","Noraxon MyoMotion Raw.Left Forearm","Noraxon MyoMotion Raw.Left Upper Arm","Noraxon MyoMotion Raw.Right Forearm","Noraxon MyoMotion Raw.Right Upper Arm","Noraxon MyoMotion Raw.Upper Thoracic","true","Adam","1600","0.5","","","","","","","","","","","","","","","","","","","","","","","","","","","","","","","","","","","","","","","","","","","","false","/home/benedikt_nothhelfer/ba_upki_benedikt/projects/UpKi_BioMat_Surf/results","false","fixedwindow","[""all""]","[""ACCX"",""ACCY"",""ACCZ"",""GYROX"",""GYROY"",""GYROZ""]","[""shoulder_elv_r"",""shoulder_rot_r"",""elv_angle_r"",""elbow_flexion_r"",""pro_sup_r"",""shoulder_elv_l"",""shoulder_rot_l"",""elv_angle_l"",""elbow_flexion_l"",""pro_sup_l""]","[""UpperThoracic"",""LeftUpperArm"",""LeftForearm"",""RightUpperArm"",""RightForearm""]","[""picking_up_pen"",""shelve_ordering""]","256","[""picking_up_pen"",""shelve_ordering""]","[""AMOAS01""]","[""picking_up_pen"",""shelve_ordering""]","[""AMOAS02"",""AMOAS03"",""AMOAS04"",""AMOAS05"",""AMOAS06"",""AMOAS07"",""AMOAS08"",""AMOAS09"",""AMOAS010"",""AMOAS011"",""AMOAS012"",""AMOAS013"",""AMOAS014"",""AMOAS015"",""AMOAS016"",""AMOAS017"",""AMOAS018"",""AMOAS019""]","lopo","true","false","","","","19","16.696952809901227","18.62502891208877","14.946278623915685","14.462620085998129","14.111983678350247","18.43273591591641","15.394184201630482","9.184282947377916","13.267786284752454","8.465024290079203","11.64494271184222","14.56891794881883","14.42878567437333","14.679772405942527","14.3539204624251","18.84393456865789","17.064992149708722","10.693636033253686","11.375676732135622","9.597173048875234","10.852849367279475","1.6158891535582025","3.1339515312571153","4.688533343280331","3.605869552292272","3.050584431055618","5.717404027090724","4.605681685041917","3.1473226601950515","3.7592271162214206","2.0333587263683275","2.784804395277511","","","","","","","","","","","","","","","","","","","","","","","","","","","","","","","","","","","","","","","","","","","","","","","","","",""
"transformertsai_11.04","14.643404121234465","0.00001","8","50","0.0001","128","64","0.5","4","3","0.1","finished","-","","","2026-04-11T16:42:45.000Z","1513","ak06vh9e","","","","","","","","[""picking_up_pen"",""shelve_ordering""]","[""picking_up_pen.csv"",""shelve_ordering.csv""]","0.5","64","3","false","by_var","StandardScaler","mosurf","/home/benedikt_nothhelfer/data_share/MoSurf_Daten/MoSurf_synangle/","cuda","mosurf_dataset.p","/home/benedikt_nothhelfer/data_share/MoSurf_Daten/","true","false","true","false","[""AMOAS01"",""AMOAS02"",""AMOAS03"",""AMOAS04"",""AMOAS05"",""AMOAS06"",""AMOAS07"",""AMOAS08"",""AMOAS09"",""AMOAS010"",""AMOAS011"",""AMOAS012"",""AMOAS013"",""AMOAS014"",""AMOAS015"",""AMOAS016"",""AMOAS017"",""AMOAS018"",""AMOAS019""]","MSE","[1,1,1,1,1,1,1,1,1,1]","","","","transformertsai","","5","Accel X","Accel Y","Accel Z","Gyro X","Gyro Y","Gyro Z","Noraxon MyoMotion Raw.Left Forearm","Noraxon MyoMotion Raw.Left Upper Arm","Noraxon MyoMotion Raw.Right Forearm","Noraxon MyoMotion Raw.Right Upper Arm","Noraxon MyoMotion Raw.Upper Thoracic","true","Adam","1600","0.5","","","","","","","","","","","","","","","","","","","","","","","","","","","","","","","","","","","","","","","","","","","","false","/home/benedikt_nothhelfer/ba_upki_benedikt/projects/UpKi_BioMat_Surf/results","false","fixedwindow","[""all""]","[""ACCX"",""ACCY"",""ACCZ"",""GYROX"",""GYROY"",""GYROZ""]","[""shoulder_elv_r"",""shoulder_rot_r"",""elv_angle_r"",""elbow_flexion_r"",""pro_sup_r"",""shoulder_elv_l"",""shoulder_rot_l"",""elv_angle_l"",""elbow_flexion_l"",""pro_sup_l""]","[""UpperThoracic"",""LeftUpperArm"",""LeftForearm"",""RightUpperArm"",""RightForearm""]","[""picking_up_pen"",""shelve_ordering""]","256","[""picking_up_pen"",""shelve_ordering""]","[""AMOAS01""]","[""picking_up_pen"",""shelve_ordering""]","[""AMOAS02"",""AMOAS03"",""AMOAS04"",""AMOAS05"",""AMOAS06"",""AMOAS07"",""AMOAS08"",""AMOAS09"",""AMOAS010"",""AMOAS011"",""AMOAS012"",""AMOAS013"",""AMOAS014"",""AMOAS015"",""AMOAS016"",""AMOAS017"",""AMOAS018"",""AMOAS019""]","lopo","true","false","","","","19","20.311297537537182","20.932882629667365","16.180530466064976","13.96767736766162","14.63998835589533","17.518688458617383","15.948785897742736","9.75382233991823","14.327638736434114","7.272890587761048","10.185669537548616","18.125437305451243","17.687347565602067","15.758884825990124","16.07631208106633","18.86951285051923","17.0750316203785","10.484105912682883","11.301792964936652","9.94220439634248","11.113411689375113","1.4929636835477524","2.7888469162690397","3.776140160338583","3.7640613170943937","2.380249479707095","4.973987675794306","3.960157568151504","3.2582735085237915","3.823815772028961","2.1899977070583496","3.256556771657392","","","","","","","","","","","","","","","","","","","","","","","","","","","","","","","","","","","","","","","","","","","","","","","","","",""
"transformertsai_11.04","12.746935079687807","0.001","16","100","0.0001","128","64","0.5","4","3","0.5","finished","-","","","2026-04-11T16:16:48.000Z","1552","ak06vh9e","","","","","","","","[""picking_up_pen"",""shelve_ordering""]","[""picking_up_pen.csv"",""shelve_ordering.csv""]","0.5","64","3","false","by_var","StandardScaler","mosurf","/home/benedikt_nothhelfer/data_share/MoSurf_Daten/MoSurf_synangle/","cuda","mosurf_dataset.p","/home/benedikt_nothhelfer/data_share/MoSurf_Daten/","true","false","true","false","[""AMOAS01"",""AMOAS02"",""AMOAS03"",""AMOAS04"",""AMOAS05"",""AMOAS06"",""AMOAS07"",""AMOAS08"",""AMOAS09"",""AMOAS010"",""AMOAS011"",""AMOAS012"",""AMOAS013"",""AMOAS014"",""AMOAS015"",""AMOAS016"",""AMOAS017"",""AMOAS018"",""AMOAS019""]","MSE","[1,1,1,1,1,1,1,1,1,1]","","","","transformertsai","","5","Accel X","Accel Y","Accel Z","Gyro X","Gyro Y","Gyro Z","Noraxon MyoMotion Raw.Left Forearm","Noraxon MyoMotion Raw.Left Upper Arm","Noraxon MyoMotion Raw.Right Forearm","Noraxon MyoMotion Raw.Right Upper Arm","Noraxon MyoMotion Raw.Upper Thoracic","true","Adam","1600","0.5","","","","","","","","","","","","","","","","","","","","","","","","","","","","","","","","","","","","","","","","","","","","false","/home/benedikt_nothhelfer/ba_upki_benedikt/projects/UpKi_BioMat_Surf/results","false","fixedwindow","[""all""]","[""ACCX"",""ACCY"",""ACCZ"",""GYROX"",""GYROY"",""GYROZ""]","[""shoulder_elv_r"",""shoulder_rot_r"",""elv_angle_r"",""elbow_flexion_r"",""pro_sup_r"",""shoulder_elv_l"",""shoulder_rot_l"",""elv_angle_l"",""elbow_flexion_l"",""pro_sup_l""]","[""UpperThoracic"",""LeftUpperArm"",""LeftForearm"",""RightUpperArm"",""RightForearm""]","[""picking_up_pen"",""shelve_ordering""]","256","[""picking_up_pen"",""shelve_ordering""]","[""AMOAS01""]","[""picking_up_pen"",""shelve_ordering""]","[""AMOAS02"",""AMOAS03"",""AMOAS04"",""AMOAS05"",""AMOAS06"",""AMOAS07"",""AMOAS08"",""AMOAS09"",""AMOAS010"",""AMOAS011"",""AMOAS012"",""AMOAS013"",""AMOAS014"",""AMOAS015"",""AMOAS016"",""AMOAS017"",""AMOAS018"",""AMOAS019""]","lopo","true","false","","","","19","11.834664412655712","16.4125825361263","18.380563838748564","20.60590932461977","15.150729548758855","22.457556468730033","15.80915988645878","11.43213885214434","11.77755943339355","7.933215812924537","14.863944921786976","11.291900155031891","11.421569926946631","13.333022413475408","13.350942273921715","19.628410696540435","15.818158757328874","10.559903447912616","12.139456312095025","9.10957366086008","10.81641315276542","1.861716666214127","3.103052951027158","4.398114490781019","4.376234388688608","4.756699823990762","5.862136274468156","4.244288454702875","3.020392359454881","3.7686959699904534","2.0727058093829607","2.6949168073745575","","","","","","","","","","","","","","","","","","","","","","","","","","","","","","","","","","","","","","","","","","","","","","","","","",""
"transformertsai_11.04","11.620148075481003","0.001","8","70","0.001","512","128","0.3","8","4","0.1","finished","-","","","2026-04-11T15:07:13.000Z","4172","ak06vh9e","","","","","","","","[""picking_up_pen"",""shelve_ordering""]","[""picking_up_pen.csv"",""shelve_ordering.csv""]","0.5","64","3","false","by_var","StandardScaler","mosurf","/home/benedikt_nothhelfer/data_share/MoSurf_Daten/MoSurf_synangle/","cuda","mosurf_dataset.p","/home/benedikt_nothhelfer/data_share/MoSurf_Daten/","true","false","true","false","[""AMOAS01"",""AMOAS02"",""AMOAS03"",""AMOAS04"",""AMOAS05"",""AMOAS06"",""AMOAS07"",""AMOAS08"",""AMOAS09"",""AMOAS010"",""AMOAS011"",""AMOAS012"",""AMOAS013"",""AMOAS014"",""AMOAS015"",""AMOAS016"",""AMOAS017"",""AMOAS018"",""AMOAS019""]","MSE","[1,1,1,1,1,1,1,1,1,1]","","","","transformertsai","","5","Accel X","Accel Y","Accel Z","Gyro X","Gyro Y","Gyro Z","Noraxon MyoMotion Raw.Left Forearm","Noraxon MyoMotion Raw.Left Upper Arm","Noraxon MyoMotion Raw.Right Forearm","Noraxon MyoMotion Raw.Right Upper Arm","Noraxon MyoMotion Raw.Upper Thoracic","true","Adam","1600","0.5","","","","","","","","","","","","","","","","","","","","","","","","","","","","","","","","","","","","","","","","","","","","false","/home/benedikt_nothhelfer/ba_upki_benedikt/projects/UpKi_BioMat_Surf/results","false","fixedwindow","[""all""]","[""ACCX"",""ACCY"",""ACCZ"",""GYROX"",""GYROY"",""GYROZ""]","[""shoulder_elv_r"",""shoulder_rot_r"",""elv_angle_r"",""elbow_flexion_r"",""pro_sup_r"",""shoulder_elv_l"",""shoulder_rot_l"",""elv_angle_l"",""elbow_flexion_l"",""pro_sup_l""]","[""UpperThoracic"",""LeftUpperArm"",""LeftForearm"",""RightUpperArm"",""RightForearm""]","[""picking_up_pen"",""shelve_ordering""]","256","[""picking_up_pen"",""shelve_ordering""]","[""AMOAS01""]","[""picking_up_pen"",""shelve_ordering""]","[""AMOAS02"",""AMOAS03"",""AMOAS04"",""AMOAS05"",""AMOAS06"",""AMOAS07"",""AMOAS08"",""AMOAS09"",""AMOAS010"",""AMOAS011"",""AMOAS012"",""AMOAS013"",""AMOAS014"",""AMOAS015"",""AMOAS016"",""AMOAS017"",""AMOAS018"",""AMOAS019""]","lopo","true","false","","","","19","10.826332405938278","13.607911160123628","14.4042397075448","16.390857991204676","13.129328655228688","18.569695403702084","16.33816761518115","7.983533369946816","12.117356476959571","7.9672253328502","13.08796708883569","10.225001571938144","10.40493575557234","11.482937145014226","11.746944451623056","17.558516775977797","14.850388182585254","9.910324724694528","10.672019298329436","8.731454741812446","10.61895810726283","1.5433354504137298","2.2525681221008185","2.5814481109595104","3.3746183967683088","2.996228903395668","5.422469620322169","4.049239941945363","2.6814599390908858","3.1552796006811277","2.099578654559578","2.7640414005345817","","","","","","","","","","","","","","","","","","","","","","","","","","","","","","","","","","","","","","","","","","","","","","","","","",""
"transformertsai_11.04","12.09706981840715","0.0001","32","70","0.01","128","128","0.5","4","4","0.1","finished","-","","","2026-04-11T14:43:07.000Z","1444","ak06vh9e","","","","","","","","[""picking_up_pen"",""shelve_ordering""]","[""picking_up_pen.csv"",""shelve_ordering.csv""]","0.5","64","3","false","by_var","StandardScaler","mosurf","/home/benedikt_nothhelfer/data_share/MoSurf_Daten/MoSurf_synangle/","cuda","mosurf_dataset.p","/home/benedikt_nothhelfer/data_share/MoSurf_Daten/","true","false","true","false","[""AMOAS01"",""AMOAS02"",""AMOAS03"",""AMOAS04"",""AMOAS05"",""AMOAS06"",""AMOAS07"",""AMOAS08"",""AMOAS09"",""AMOAS010"",""AMOAS011"",""AMOAS012"",""AMOAS013"",""AMOAS014"",""AMOAS015"",""AMOAS016"",""AMOAS017"",""AMOAS018"",""AMOAS019""]","MSE","[1,1,1,1,1,1,1,1,1,1]","","","","transformertsai","","5","Accel X","Accel Y","Accel Z","Gyro X","Gyro Y","Gyro Z","Noraxon MyoMotion Raw.Left Forearm","Noraxon MyoMotion Raw.Left Upper Arm","Noraxon MyoMotion Raw.Right Forearm","Noraxon MyoMotion Raw.Right Upper Arm","Noraxon MyoMotion Raw.Upper Thoracic","true","Adam","1600","0.5","","","","","","","","","","","","","","","","","","","","","","","","","","","","","","","","","","","","","","","","","","","","false","/home/benedikt_nothhelfer/ba_upki_benedikt/projects/UpKi_BioMat_Surf/results","false","fixedwindow","[""all""]","[""ACCX"",""ACCY"",""ACCZ"",""GYROX"",""GYROY"",""GYROZ""]","[""shoulder_elv_r"",""shoulder_rot_r"",""elv_angle_r"",""elbow_flexion_r"",""pro_sup_r"",""shoulder_elv_l"",""shoulder_rot_l"",""elv_angle_l"",""elbow_flexion_l"",""pro_sup_l""]","[""UpperThoracic"",""LeftUpperArm"",""LeftForearm"",""RightUpperArm"",""RightForearm""]","[""picking_up_pen"",""shelve_ordering""]","256","[""picking_up_pen"",""shelve_ordering""]","[""AMOAS01""]","[""picking_up_pen"",""shelve_ordering""]","[""AMOAS02"",""AMOAS03"",""AMOAS04"",""AMOAS05"",""AMOAS06"",""AMOAS07"",""AMOAS08"",""AMOAS09"",""AMOAS010"",""AMOAS011"",""AMOAS012"",""AMOAS013"",""AMOAS014"",""AMOAS015"",""AMOAS016"",""AMOAS017"",""AMOAS018"",""AMOAS019""]","lopo","true","false","","","","19","11.410101437443728","15.501742775585466","13.669784911446731","16.26659956061531","13.04498149011964","19.404644356550985","14.389438588285527","8.983960257372384","13.238081230557643","6.694929780246001","10.890532003092613","10.153003434480956","10.30237889983742","12.46848415833955","12.41594283567009","18.952282420488444","16.47398821073184","9.526503467768144","11.45318446571","8.308356870550485","10.916573420494569","1.6628792538019028","2.0657223179088806","3.252279873452471","2.887967722823345","3.173659925650547","5.784099611220191","4.715489353680461","2.1716074109773116","3.561986697754168","1.935996455046786","3.0552252744650175","","","","","","","","","","","","","","","","","","","","","","","","","","","","","","","","","","","","","","","","","","","","","","","","","",""
"transformertsai_11.04","12.164608759968877","0.0001","8","50","0.0001","128","128","0.3","8","4","0.3","finished","-","","","2026-04-11T13:39:17.000Z","3824","ak06vh9e","","","","","","","","[""picking_up_pen"",""shelve_ordering""]","[""picking_up_pen.csv"",""shelve_ordering.csv""]","0.5","64","3","false","by_var","StandardScaler","mosurf","/home/benedikt_nothhelfer/data_share/MoSurf_Daten/MoSurf_synangle/","cuda","mosurf_dataset.p","/home/benedikt_nothhelfer/data_share/MoSurf_Daten/","true","false","true","false","[""AMOAS01"",""AMOAS02"",""AMOAS03"",""AMOAS04"",""AMOAS05"",""AMOAS06"",""AMOAS07"",""AMOAS08"",""AMOAS09"",""AMOAS010"",""AMOAS011"",""AMOAS012"",""AMOAS013"",""AMOAS014"",""AMOAS015"",""AMOAS016"",""AMOAS017"",""AMOAS018"",""AMOAS019""]","MSE","[1,1,1,1,1,1,1,1,1,1]","","","","transformertsai","","5","Accel X","Accel Y","Accel Z","Gyro X","Gyro Y","Gyro Z","Noraxon MyoMotion Raw.Left Forearm","Noraxon MyoMotion Raw.Left Upper Arm","Noraxon MyoMotion Raw.Right Forearm","Noraxon MyoMotion Raw.Right Upper Arm","Noraxon MyoMotion Raw.Upper Thoracic","true","Adam","1600","0.5","","","","","","","","","","","","","","","","","","","","","","","","","","","","","","","","","","","","","","","","","","","","false","/home/benedikt_nothhelfer/ba_upki_benedikt/projects/UpKi_BioMat_Surf/results","false","fixedwindow","[""all""]","[""ACCX"",""ACCY"",""ACCZ"",""GYROX"",""GYROY"",""GYROZ""]","[""shoulder_elv_r"",""shoulder_rot_r"",""elv_angle_r"",""elbow_flexion_r"",""pro_sup_r"",""shoulder_elv_l"",""shoulder_rot_l"",""elv_angle_l"",""elbow_flexion_l"",""pro_sup_l""]","[""UpperThoracic"",""LeftUpperArm"",""LeftForearm"",""RightUpperArm"",""RightForearm""]","[""picking_up_pen"",""shelve_ordering""]","256","[""picking_up_pen"",""shelve_ordering""]","[""AMOAS01""]","[""picking_up_pen"",""shelve_ordering""]","[""AMOAS02"",""AMOAS03"",""AMOAS04"",""AMOAS05"",""AMOAS06"",""AMOAS07"",""AMOAS08"",""AMOAS09"",""AMOAS010"",""AMOAS011"",""AMOAS012"",""AMOAS013"",""AMOAS014"",""AMOAS015"",""AMOAS016"",""AMOAS017"",""AMOAS018"",""AMOAS019""]","lopo","true","false","","","","19","11.898429719551958","16.660305403114847","14.551968356283815","16.607422011427182","13.682469754415155","19.768048907403948","15.285444782134418","9.151318267037125","13.5984109927747","6.882919381839715","12.42042972258388","9.97767435599078","10.358912070602583","12.886488391672843","12.596968099209368","18.148005654835544","15.825596952725896","10.118509581382602","11.629953221528826","8.850096513632968","11.253882758107336","1.6894840591480518","2.7556838187360557","3.302141672778701","2.9770119164091593","3.273084412424011","5.744665437430849","4.386612116349883","2.182730376315968","3.297620168807454","1.902977035503382","2.919917218038415","","","","","","","","","","","","","","","","","","","","","","","","","","","","","","","","","","","","","","","","","","","","","","","","","",""
"transformertsai_11.04","12.478938583190558","0.0001","8","50","0.001","128","128","0.3","8","4","0.5","finished","-","","","2026-04-11T12:35:56.000Z","3795","ak06vh9e","","","","","","","","[""picking_up_pen"",""shelve_ordering""]","[""picking_up_pen.csv"",""shelve_ordering.csv""]","0.5","64","3","false","by_var","StandardScaler","mosurf","/home/benedikt_nothhelfer/data_share/MoSurf_Daten/MoSurf_synangle/","cuda","mosurf_dataset.p","/home/benedikt_nothhelfer/data_share/MoSurf_Daten/","true","false","true","false","[""AMOAS01"",""AMOAS02"",""AMOAS03"",""AMOAS04"",""AMOAS05"",""AMOAS06"",""AMOAS07"",""AMOAS08"",""AMOAS09"",""AMOAS010"",""AMOAS011"",""AMOAS012"",""AMOAS013"",""AMOAS014"",""AMOAS015"",""AMOAS016"",""AMOAS017"",""AMOAS018"",""AMOAS019""]","MSE","[1,1,1,1,1,1,1,1,1,1]","","","","transformertsai","","5","Accel X","Accel Y","Accel Z","Gyro X","Gyro Y","Gyro Z","Noraxon MyoMotion Raw.Left Forearm","Noraxon MyoMotion Raw.Left Upper Arm","Noraxon MyoMotion Raw.Right Forearm","Noraxon MyoMotion Raw.Right Upper Arm","Noraxon MyoMotion Raw.Upper Thoracic","true","Adam","1600","0.5","","","","","","","","","","","","","","","","","","","","","","","","","","","","","","","","","","","","","","","","","","","","false","/home/benedikt_nothhelfer/ba_upki_benedikt/projects/UpKi_BioMat_Surf/results","false","fixedwindow","[""all""]","[""ACCX"",""ACCY"",""ACCZ"",""GYROX"",""GYROY"",""GYROZ""]","[""shoulder_elv_r"",""shoulder_rot_r"",""elv_angle_r"",""elbow_flexion_r"",""pro_sup_r"",""shoulder_elv_l"",""shoulder_rot_l"",""elv_angle_l"",""elbow_flexion_l"",""pro_sup_l""]","[""UpperThoracic"",""LeftUpperArm"",""LeftForearm"",""RightUpperArm"",""RightForearm""]","[""picking_up_pen"",""shelve_ordering""]","256","[""picking_up_pen"",""shelve_ordering""]","[""AMOAS01""]","[""picking_up_pen"",""shelve_ordering""]","[""AMOAS02"",""AMOAS03"",""AMOAS04"",""AMOAS05"",""AMOAS06"",""AMOAS07"",""AMOAS08"",""AMOAS09"",""AMOAS010"",""AMOAS011"",""AMOAS012"",""AMOAS013"",""AMOAS014"",""AMOAS015"",""AMOAS016"",""AMOAS017"",""AMOAS018"",""AMOAS019""]","lopo","true","false","","","","19","12.612049392175551","17.507356759488207","15.409682158622443","17.740791742768266","14.397270503119229","21.125145305921503","15.68888215476593","9.867691085095917","13.619936282120594","7.198595185360536","13.20257496487334","10.291290450409544","10.780748128670607","13.415269141366805","12.998240271558926","18.57598773814964","16.09599996275404","10.55897176623276","11.97841988850792","8.712930239841727","11.38152824441362","1.837898058356118","2.808604866173895","3.6134592433784327","3.252375179413129","3.544187222631095","6.172976498646869","4.431163984291351","2.449790233981361","3.5555832074458653","1.8828378771486731","3.048592226364069","","","","","","","","","","","","","","","","","","","","","","","","","","","","","","","","","","","","","","","","","","","","","","","","","",""